-- --------------------------------------------------------
-- 호스트:                          127.0.0.1
-- 서버 버전:                        10.11.2-MariaDB - mariadb.org binary distribution
-- 서버 OS:                        Win64
-- HeidiSQL 버전:                  11.3.0.6295
-- --------------------------------------------------------

/*!40101 SET @OLD_CHARACTER_SET_CLIENT=@@CHARACTER_SET_CLIENT */;
/*!40101 SET NAMES utf8 */;
/*!50503 SET NAMES utf8mb4 */;
/*!40014 SET @OLD_FOREIGN_KEY_CHECKS=@@FOREIGN_KEY_CHECKS, FOREIGN_KEY_CHECKS=0 */;
/*!40101 SET @OLD_SQL_MODE=@@SQL_MODE, SQL_MODE='NO_AUTO_VALUE_ON_ZERO' */;
/*!40111 SET @OLD_SQL_NOTES=@@SQL_NOTES, SQL_NOTES=0 */;


-- vet 데이터베이스 구조 내보내기
CREATE DATABASE IF NOT EXISTS `vet` /*!40100 DEFAULT CHARACTER SET utf8mb4 COLLATE utf8mb4_general_ci */;
USE `vet`;

-- 테이블 vet.doctor 구조 내보내기
CREATE TABLE IF NOT EXISTS `doctor` (
  `DOC_HOS_ID` varchar(20) NOT NULL COMMENT '병원아이디',
  `DOC_NAME` varchar(200) NOT NULL COMMENT '이름',
  `DOC_FILENAME` varchar(200) DEFAULT NULL COMMENT '의사사진',
  `DOC_ID` varchar(50) NOT NULL DEFAULT ''' ''' COMMENT '의사 아이디',
  `DOC_INFO` varchar(2000) DEFAULT NULL COMMENT '의사소개',
  PRIMARY KEY (`DOC_ID`),
  KEY `DOC_HOS_ID` (`DOC_HOS_ID`)
) ENGINE=InnoDB DEFAULT CHARSET=utf8mb3 COLLATE=utf8mb3_general_ci;

-- 테이블 데이터 vet.doctor:~131 rows (대략적) 내보내기
/*!40000 ALTER TABLE `doctor` DISABLE KEYS */;
INSERT INTO `doctor` (`DOC_HOS_ID`, `DOC_NAME`, `DOC_FILENAME`, `DOC_ID`, `DOC_INFO`) VALUES
	('docteryun', '이하은', '의사158.jpg', '078irthw', '단국대학교 수의과대학'),
	('treehos', '정민서', '의사5.jpg', '08ityh', '경북대학교 수의과대학'),
	('dulyhos', '이동진', '의사2.jpg', '13sffs', '충남대학교 수의과대학'),
	('testhos', '김준영', '의사5.jpg', '2qrwesg', '광운대학교 수의과대학'),
	('acehos', '김예준', '의사201.jpg', '4124rsegsd', '서울대학교 수의과대학'),
	('viphos', '김지우', '의사2.jpg', '41dsrqw', '경북대학교 수의과대학'),
	('sentomhos', '송은서', '의사9.jpg', '42rrhdg', '경북대학교 수의과대학'),
	('dulyhos', '김민준', '의사157.jpg', '432rsdgvsdf', '서울대학교 수의과대학'),
	('andonghos', '장윤호', '의사1.jpg', '43rfsedf', '충남대학교 수의과대학'),
	('ganahos', '김주원', '의사8.jpg', '4sdhjhg', '서울대학교 수의과대학'),
	('24global', '박영서', '의사203.jpg', '4w5rasd', '서울대학교 수의과대학'),
	('gohos', '장성민', '의사6.jpg', '5dfe6fd', '중앙대학교 수의과대학'),
	('goenhos', '신지혜', '의사7.jpg', '5esfr7', '충남대학교 수의과대학'),
	('goldpuppy', '이동희', '의사5.jpg', '5g4fe', '서울대학교 수의과대학'),
	('centerhos', '최재훈', '의사7.jpg', '5wefesre', '중앙대학교 수의과대학'),
	('goenhos', '이지후', '의사154.jpg', '623rafa', '단국대학교 수의과대학'),
	('bucheanhos', '박서윤', '의사3.jpg', '643tgsf', '경북대학교 수의과대학'),
	('barenhos', '이하나', '의사0.jpg', '64tfewr', '충남대학교 수의과대학'),
	('dasomhos', '박준호', '의사4.jpg', '6dfw', '충남대학교 수의과대학'),
	('abchos', '이민지', '의사2.jpg', '6erdsfds', '단국대학교 수의과대학'),
	('bundang', '박민서', '의사8.jpg', '6ergq342', '충남대학교 수의과대학'),
	('eyeshos', '김민지', '의사1.jpg', '6fgg4', '중앙대학교 수의과대학'),
	('gumihos', '박진아', '의사4.jpg', '6hgffs3', '충남대학교 수의과대학'),
	('sentomhos', '최현우', '의사9.jpg', '6sfdfs', '서울대학교 수의과대학'),
	('akhos', '이현준', '의사8.jpg', '754tgrgfs', '서울대학교 수의과대학'),
	('bundang', '이다연', '의사2.jpg', '75ysdf', '경북대학교 수의과대학'),
	('abchos', '이하윤', '의사202.jpg', '764yrdgd', '인제대학교 수의과대학'),
	('suYhos', '박하린', '의사6.jpg', '7uythg', '경북대학교 수의과대학'),
	('songpahos', '이정현', '의사8.jpg', '856fg', '광운대학교 수의과대학'),
	('andonghos', '이민주', '의사6.jpg', '856uydgfd', '서울대학교 수의과대학'),
	('vhos', '이서연', '의사3.jpg', '86yrtgf', '경북대학교 수의과대학'),
	('docteryun', '정혜진', '의사3.jpg', '8gjgyr', '충남대학교 수의과대학'),
	('goldpuppy', '이민서', '의사152.jpg', '967udgd', '단국대학교 수의과대학'),
	('rucidhos', '이성민', '의사6.jpg', '967udgs', '단국대학교 수의과대학'),
	('abchos', '이지민', '의사1.jpg', '967uhf', '서울대학교 수의과대학'),
	('eyeshos', '이성민', '의사156.jpg', '975ysfsdf', '단국대학교 수의과대학'),
	('acehos', '김하온', '의사9.jpg', '976urhf', '단국대학교 수의과대학'),
	('barenhos', '정민준', '의사4.jpg', '9865ufgh', '경북대학교 수의과대학'),
	('puhos', '홍무아', NULL, 'a123', NULL),
	('hyunhos', '김현우', NULL, 'A2', NULL),
	('openhos', '김지원', NULL, 'A3', NULL),
	('dasomhos', '김다솜', NULL, 'a789', NULL),
	('daonhos', '이다온', NULL, 'b234', NULL),
	('openhos', '김영수', NULL, 'b456', NULL),
	('healhos', '이지선', NULL, 'B5', NULL),
	('treehos', '최승호', '의사4.jpg', 'bdfg32', '서울대학교 수의과대학'),
	('haddenhos', '한재원', '의사3.jpg', 'bngfj7', '중앙대학교 수의과대학'),
	('viphos', '이철수', '의사2.jpg', 'bxcfdsf', '서울대학교 수의과대학'),
	('cloverhos', '이하나', NULL, 'c567', NULL),
	('haddenhos', '이지원', NULL, 'C7', NULL),
	('onehos', '이희지', NULL, 'c789', NULL),
	('widthhos', '김영희', '의사1.jpg', 'casdda', '중앙대학교 수의과대학'),
	('nurihos', '정성호', NULL, 'CLW1053', '서라벌대학교 수의과대학'),
	('oasishos', '박민지', NULL, 'd234', NULL),
	('centerhos', '김센터', NULL, 'd890', NULL),
	('ganahos', '정성호', NULL, 'DRY6745', '서라벌대학교 수의과대학'),
	('nurihos', '정성호', NULL, 'e567', NULL),
	('mypetmedic', '김진수', NULL, 'f890', NULL),
	('happyhos', '강민수', '의사1.jpg', 'fds5sfd', '중앙대학교 수의과대학'),
	('songpahos', '박서연', '의사8.jpg', 'fe4ewew', '광운대학교 수의과대학'),
	('moranhos', '이주원', NULL, 'g123', NULL),
	('mayhos', '박영미', NULL, 'h456', NULL),
	('haenhos', '정혜진', NULL, 'H5', NULL),
	('gumihos', '홍길동', NULL, 'HOY0546', '동국대학교 수의과대학'),
	('abchos', '신예은', '의사5.jpg', 'hu65urtg', '광운대학교 수의과대학'),
	('moranhos', '이지원', NULL, 'HZB2896', '순천향대학교 수의과대학'),
	('nurihos', '정혜진', NULL, 'I5', NULL),
	('marihos', '최민호', NULL, 'i789', NULL),
	('jujuhos', '한영지', NULL, 'j234', NULL),
	('joenhos', '송영철', NULL, 'k567', NULL),
	('gohos', '이영희', NULL, 'KFY9546', '부산대학교 수의과대학'),
	('jejuhos', '이지혜', NULL, 'l890', NULL),
	('goldpuppy', '김영수', NULL, 'LZQ2693', '목원대학교 수의과대학'),
	('hyunhos', '김우현', NULL, 'm123', NULL),
	('openhos', '김영수', NULL, 'MRY7362', '목원대학교 수의과대학'),
	('healhos', '이지선', NULL, 'n456', NULL),
	('dulyhos', '이지원', NULL, 'NAP9193', '순천향대학교 수의과대학'),
	('gumihos', '박준서', '의사151.jpg', 'nfgyre5', '서울대학교 수의과대학'),
	('haslahos', '박희동', NULL, 'o789', NULL),
	('happyhos', '김지운', NULL, 'p234', NULL),
	('haslahos', '박동희', NULL, 'P3', NULL),
	('eyeshos', '김민수', NULL, 'PXU1677', '세종대학교 수의과대학'),
	('acehos', '김하온', '의사1.jpg', 'q34fdf', '경북대학교 수의과대학'),
	('haenhos', '정진혜', NULL, 'q567', NULL),
	('gohos', '김하린', '의사153.jpg', 'r35esfs', '서울대학교 수의과대학'),
	('oasishos', '박동희', NULL, 'R6', NULL),
	('haddenhos', '김하은', NULL, 'r890', NULL),
	('haenhos', '이승연', '의사2.jpg', 'rdgdfg45', '서울대학교 수의과대학'),
	('vhos', '박지영', '의사3.jpg', 'rwasasd1', '중앙대학교 수의과대학'),
	('springhos', '김지후', '의사7.jpg', 'rwedvfs24', '경북대학교 수의과대학'),
	('moranhos', '이원주', NULL, 'S1', NULL),
	('gumihos', '이가영', NULL, 's123', NULL),
	('onehos', '이지선', NULL, 'S5', NULL),
	('rucidhos', '이현지', '의사10.jpg', 's65sdfds', '광운대학교 수의과대학'),
	('ganahos', '송은서', '의사155.jpg', 'serss2323', '서울대학교 수의과대학'),
	('mayhos', '박영미', NULL, 'T2', NULL),
	('goldpuppy', '황금이', NULL, 't456', NULL),
	('cloverhos', '이지현', '의사6.jpg', 't45tsfsf', '충남대학교 수의과대학'),
	('24global', '박준서', '의사3.jpg', 't4w6dfvs', '경북대학교 수의과대학'),
	('centerhos', '김태민', '의사1.jpg', 't634ref', '경북대학교 수의과대학'),
	('alhos', '송하은', '의사7.jpg', 'tw5tefgs', '단국대학교 수의과대학'),
	('acehos', '박진우', '의사4.jpg', 'ty74y5rfs', '광운대학교 수의과대학'),
	('widthhos', '박민준', '의사1.jpg', 'u45te', '광운대학교 수의과대학'),
	('gohos', '강병수', NULL, 'u789', NULL),
	('jujuhos', '한지영', NULL, 'U8', NULL),
	('anyanghos1', '김지민', '의사5.jpg', 'u845ygfd', '경북대학교 수의과대학'),
	('bucheanhos', '김태민', '의사9.jpg', 'u956uyhtg', '중앙대학교 수의과대학'),
	('docteryun', '박영미', NULL, 'UGX7341', '안동대학교 수의과대학'),
	('goenhos', '최수진', NULL, 'v234', NULL),
	('daonhos', '김소영', '의사5.jpg', 'vcx5we', '중앙대학교 수의과대학'),
	('testhos', '이지은', '의사5.jpg', 'vdsfds5', '중앙대학교 수의과대학'),
	('suYhos', '김민준', '의사6.jpg', 'vwe5', '서울대학교 수의과대학'),
	('onehos', '이영희', NULL, 'VWZ1749', '부산대학교 수의과대학'),
	('ganahos', '김가나', NULL, 'w567', NULL),
	('marihos', '최민호', NULL, 'W6', NULL),
	('mypetmedic', '김민수', NULL, 'WBT5096', '세종대학교 수의과대학'),
	('springhos', '정지원', '의사7.jpg', 'we4wew', '서울대학교 수의과대학'),
	('eyeshos', '이시형', NULL, 'x890', NULL),
	('joenhos', '송철웅', NULL, 'X9', NULL),
	('puhos', '홍길동', NULL, 'XPJ9057', '동국대학교 수의과대학'),
	('dulyhos', '박두리', NULL, 'y123', NULL),
	('24global', '정현우', '의사6.jpg', 'y34rfe', '광운대학교 수의과대학'),
	('alhos', '김하윤', '의사2.jpg', 'y4rfdsf', '경북대학교 수의과대학'),
	('puhos', '김현우', NULL, 'Y5', NULL),
	('happyhos', '김지원', NULL, 'Y6', NULL),
	('akhos', '이승준', '의사4.jpg', 'y754ygfs', '경북대학교 수의과대학'),
	('jejuhos', '이지혜', NULL, 'Y9', NULL),
	('mypetmedic', '조세진', NULL, 'Z1', NULL),
	('docteryun', '윤선생', NULL, 'z456', NULL),
	('goenhos', '박민지', NULL, 'ZBJ6443', '상명대학교 수의과대학'),
	('oasishos', '박민지', NULL, 'ZJX3535', '상명대학교 수의과대학');
/*!40000 ALTER TABLE `doctor` ENABLE KEYS */;

-- 테이블 vet.faq 구조 내보내기
CREATE TABLE IF NOT EXISTS `faq` (
  `FAQ_INT` int(11) NOT NULL AUTO_INCREMENT COMMENT '글번호',
  `FAQ_ID` varchar(200) NOT NULL COMMENT '작성자아이디',
  `FAQ_TITLE` varchar(800) NOT NULL COMMENT '글제목',
  `FAQ_CONT` varchar(3500) NOT NULL COMMENT '내용',
  `FAQ_CATE` varchar(300) NOT NULL COMMENT '주제(키워드)',
  `FAQ_DEL` varchar(3) DEFAULT 'N',
  PRIMARY KEY (`FAQ_INT`)
) ENGINE=InnoDB AUTO_INCREMENT=31 DEFAULT CHARSET=utf8mb3 COLLATE=utf8mb3_general_ci;

-- 테이블 데이터 vet.faq:~30 rows (대략적) 내보내기
/*!40000 ALTER TABLE `faq` DISABLE KEYS */;
INSERT INTO `faq` (`FAQ_INT`, `FAQ_ID`, `FAQ_TITLE`, `FAQ_CONT`, `FAQ_CATE`, `FAQ_DEL`) VALUES
	(1, 'superadmin', '예약을 어떻게 할 수 있나요?', '마음에 드는 동물병원을 선택한 후, 원하는 동물병원을 선택하여 예약할 수 있습니다.', '예약', 'N'),
	(2, 'admin', '예약 취소는 어떻게 할 수 있나요?', '마이페이지에서 예약 내역을 확인하고, 취소를 원하는 예약을 선택하여 취소할 수 있습니다.', '예약', 'N'),
	(3, 'admin', '예약 가능한 시간은 어떻게 확인하나요?', '병원 상세페이지와 예약창에서 해당 병원의 예약 가능한 시간대를 확인할 수 있습니다.', '예약', 'N'),
	(4, 'admin', '예약 가능한 시간이 없을 경우 어떻게 해야 하나요?', '예약 가능한 시간이 없을 경우, 다른 시간대를 확인하거나 다른 병원을 검색해보시기 바랍니다.', '예약', 'Y'),
	(5, 'superadmin', '예약이 정상적으로 완료되었는지 확인하는 방법은 무엇인가요?', '예약이 정상적으로 완료되면 마이페이지에서 해당 예약 내역을 확인할 수 있습니다.', '예약', 'N'),
	(6, 'admin', '예약 확인을 위해 병원에 직접 연락해야 하나요?', '예약 확인은 마이페이지를 통해 간편하게 확인할 수 있으며, 별도로 병원에 연락할 필요는 없습니다.', '예약', 'N'),
	(7, 'superadmin', '예약비는 왜 필요한가요?', '예약비는 예약 시스템의 원활한 운영과 예약의 확정을 위해 필요한 조치입니다.', '예약', 'Y'),
	(8, 'admin', '예약비는 어떻게 결제하나요?', '예약 시스템을 통해 예약을 완료하면, 결제 페이지로 안내됩니다. 예약비는 온라인 결제로 처리됩니다.', '예약', 'N'),
	(9, 'superadmin', '병원 관리자로 회원가입을 하려면 어떻게 해야 하나요?', '펫메딕의 회원가입 페이지에서 "병원 관리자 회원가입"을 선택하고 필요한 정보를 입력하여 회원가입을 진행할 수 있습니다.병원 관리자로 회원가입시,  이를 증명하기 위한 서류 (자격증등)을 필수로 입력해야합니다.', '회원', 'N'),
	(10, 'admin', '병원의 정보를 어떻게 수정하나요?', '병원 회원으로 로그인 후 병원 마이페이지에서 병원의 이름, 주소, 연락처 등을 수정할 수 있습니다.', '회원', 'N'),
	(11, 'admin', '병원에서 일하는 의료진을 어떻게 등록하나요?', '병원 마이페이지에서 의료진의 이름, 사진, 자기소개 등을 등록할 수 있습니다.', '회원', 'Y'),
	(12, 'admin', '병원에서 예약 확인은 어떻게 할 수 있나요?', '병원 마이페이지에서 예약 내역 기능을 사용하여 예약한 사용자들을 확인하고 관리할 수 있습니다.', '회원', 'N'),
	(13, 'superadmin', '병원이 다른곳으로 이사한 경우, 주소를 바꿀 수 있나요?', '네, 가능합니다. 병원 마이페이지의 정보수정탭에서 병원등록시 입력한 대부분의 정보를 변경/수정할 수 있습니다.', '회원', 'N'),
	(14, 'admin', '다른 기기에서 로그인하려면 어떻게 해야 하나요?', '다른 기기에서 펫메딕에 접속하여 로그인 페이지로 이동한 후, 회원 정보로 로그인하면 됩니다.', '회원', 'N'),
	(15, 'admin', '회원탈퇴는 어떻게 진행하나요?', '마이페이지에서 회원탈퇴를 선택하여 회원탈퇴 절차를 진행할 수 있습니다.', '회원', 'N'),
	(16, 'admin', '회원탈퇴 후에도 예약 기록은 유지되나요?', '회원탈퇴 시 예약 기록과 관련된 개인정보는 3개월동안 보관되며, 탈퇴일 기준 3개월 이후로는 완전히 삭제됩니다. 회원탈퇴 이후에는 예약 기록을 확인할 수 없습니다.', '회원', 'N'),
	(17, 'superadmin', '비밀번호를 변경하려면 어떻게 해야 하나요?', '마이페이지에서 비밀번호 변경을 선택하고, 기존 비밀번호와 새로운 비밀번호를 입력하여 비밀번호를 변경할 수 있습니다.', '회원', 'N'),
	(18, 'admin', '비밀번호 변경 시 특수문자나 숫자를 포함해야 하나요?', '필수는 아니지만, 비밀번호는 보안을 강화하기 위해 영문, 숫자, 특수문자를 혼합하여 설정하는 것을 권장합니다.', '회원', 'N'),
	(19, 'admin', '회원정보를 수정하려면 어떻게 해야 하나요?', '마이페이지에서 회원 정보 수정을 선택하여 필요한 정보를 수정할 수 있습니다.', '회원', 'N'),
	(20, 'admin', '이메일 주소를 변경하려면 어떻게 해야 하나요?', '회원정보 수정 페이지에서 이메일 주소를 변경할 수 있습니다.', '회원', 'N'),
	(21, 'admin', '동물병원에 리뷰를 남기려면 어떻게 해야 하나요?', '동물병원 상세 페이지에서 리뷰창을 선택하고, "리뷰 쓰러 가기" 버튼을 찾아 작성할 수 있습니다.', '리뷰', 'N'),
	(22, 'admin', '다른 사용자의 동물병원 리뷰를 어떻게 확인할 수 있나요?', '동물병원 상세 페이지에서 다른 사용자의 리뷰 및 별점을 확인할 수 있습니다.', '리뷰', 'N'),
	(23, 'superadmin', '병원 등급은 어떻게 결정되나요? 리뷰 점수가 등급에 영향을 주나요?', '병원 등급은 다양한 요소를 고려하여 결정되며, 리뷰 점수는 등급 평가에 영향을 줄 수 있습니다.', '리뷰', 'N'),
	(24, 'admin', '사용자들의 병원 평가와 별점은 어떻게 반영되나요?', '사용자들의 리뷰와 별점은 병원의 평가에 반영되며, 이를 통해 다른 사용자들이 병원을 선택할 수 있게 됩니다.', '리뷰', 'N'),
	(25, 'admin', '리뷰를 등록하려면 예약이 필수인가요?', '네, 리뷰를 등록하려면 예약이 필수입니다. 원하는 시간대의 진료시간을 예약 후 해당 시간이 지나야만 리뷰를 작성할 수 있습니다.', '리뷰', 'N'),
	(26, 'admin', '해당 카테고리의 동물병원을 찾으려면 어떻게 해야 하나요?', '검색창에 반려동물의 종류를 입력하거나, 카테고리에서 해당 종류를 선택하여 관련 동물병원을 찾을 수 있습니다.', '기타', 'N'),
	(27, 'admin', '희귀한 반려동물 카테고리에는 어떤 종류의 동물이 포함되나요?', '희귀한 반려동물 카테고리에는 파충류, 양서류, 소동물 등 희귀한 종류의 반려동물이 포함됩니다.', '기타', 'N'),
	(28, 'superadmin', '예약하려는 병원에 관한 더 많은 정보를 알아보고싶습니다.', '펫메딕에서는 병원 상세페이지에 해당 병원 홈페이지의 url을 제공하고있습니다. 더 많은 관련 정보를 원한다면, url을 클릭해 병원 홈페이지로 연결될 수 있습니다.', '기타', 'N'),
	(29, 'admin', '펫메딕에서 제공하는 프로모션 및 할인 혜택은 어떻게 받을 수 있나요?', '펫메딕은 정기적으로 프로모션 및 할인 혜택을 제공하며, 이를 이용하기 위해 이벤트 페이지나 공지사항을 확인해 주세요.', '기타', 'N'),
	(30, 'superadmin', '병원 위치를 확인하고 길 안내를 받을 수 있나요?', '병원 상세페이지에서 지도를 제공하고 있으므로, 사용자들은 쉽게 병원을 찾아갈 수 있습니다.', '기타', 'N');
/*!40000 ALTER TABLE `faq` ENABLE KEYS */;

-- 테이블 vet.hospital 구조 내보내기
CREATE TABLE IF NOT EXISTS `hospital` (
  `HOS_ID` varchar(20) NOT NULL COMMENT '병원 아이디',
  `HOS_NAME` varchar(200) NOT NULL COMMENT '병원 이름',
  `HOS_PW` varchar(500) NOT NULL COMMENT '병원 비밀번호',
  `HOS_ADDR` varchar(1000) DEFAULT NULL COMMENT '우편번호',
  `HOS_ADDR2` varchar(1000) DEFAULT NULL COMMENT '도로명주소',
  `HOS_ADDR3` varchar(1000) DEFAULT NULL COMMENT '지번주소',
  `HOS_ADDR4` varchar(1000) DEFAULT NULL COMMENT '상세주소',
  `HOS_ADDR5` varchar(1000) DEFAULT NULL COMMENT '참고사항',
  `HOS_TEL` varchar(12) NOT NULL COMMENT '병원 연락처',
  `HOS_START` time NOT NULL COMMENT '진료 시작시간',
  `HOS_END` time NOT NULL COMMENT '진료 종료시간',
  `HOS_WD_START` time DEFAULT NULL,
  `HOS_WD_END` time DEFAULT NULL,
  `HOS_S_LUNCH` time DEFAULT NULL COMMENT '점심시간 시작',
  `HOS_E_LUNCH` time DEFAULT NULL COMMENT '점심시간 종료',
  `HOS_HOL` varchar(30) DEFAULT '' COMMENT '휴일',
  `HOS_CATE` varchar(500) NOT NULL COMMENT '진료카테고리',
  `HOS_ROLE` varchar(3) NOT NULL DEFAULT 'N' COMMENT '승인여부',
  `HOS_STAR` decimal(2,1) DEFAULT 0.0 COMMENT '평점(소수점)',
  `HOS_DATE` date DEFAULT NULL COMMENT '승인일자',
  `HOS_PRICE` int(10) NOT NULL DEFAULT 0 COMMENT '진료비',
  `HOS_DEL` varchar(3) NOT NULL DEFAULT 'N' COMMENT '탈퇴여부',
  `HOS_DEL_DATE` date DEFAULT NULL COMMENT '탈퇴일자',
  `HOS_URL` varchar(200) DEFAULT NULL COMMENT '병원사이트',
  `HOS_NEW_DATE` date DEFAULT NULL COMMENT '가입일자',
  `hos_file` varchar(500) DEFAULT NULL COMMENT '병원증명자료',
  `HOS_PIC` varchar(500) DEFAULT NULL COMMENT '병원사진',
  `HOS_LAT` double DEFAULT NULL COMMENT ' 위도',
  `HOS_LON` double DEFAULT NULL COMMENT '경도',
  `HOS_EMAIL` varchar(50) DEFAULT NULL,
  `HOS_EMAIL2` varchar(50) DEFAULT NULL,
  PRIMARY KEY (`HOS_ID`)
) ENGINE=InnoDB DEFAULT CHARSET=utf8mb3 COLLATE=utf8mb3_general_ci;

-- 테이블 데이터 vet.hospital:~51 rows (대략적) 내보내기
/*!40000 ALTER TABLE `hospital` DISABLE KEYS */;
INSERT INTO `hospital` (`HOS_ID`, `HOS_NAME`, `HOS_PW`, `HOS_ADDR`, `HOS_ADDR2`, `HOS_ADDR3`, `HOS_ADDR4`, `HOS_ADDR5`, `HOS_TEL`, `HOS_START`, `HOS_END`, `HOS_WD_START`, `HOS_WD_END`, `HOS_S_LUNCH`, `HOS_E_LUNCH`, `HOS_HOL`, `HOS_CATE`, `HOS_ROLE`, `HOS_STAR`, `HOS_DATE`, `HOS_PRICE`, `HOS_DEL`, `HOS_DEL_DATE`, `HOS_URL`, `HOS_NEW_DATE`, `hos_file`, `HOS_PIC`, `HOS_LAT`, `HOS_LON`, `HOS_EMAIL`, `HOS_EMAIL2`) VALUES
	('24global', '24시지구촌동물메디컬센터', '$2a$10$fMkTyXAhyTF9bU4lyhYlqu3FfFbdBnVDxEPapUwO8aUC5Tcyvm4/2', '08280', '서울 구로구 구로중앙로31길 30', '서울 구로구 구로동 505-17', '', ' (구로동)', '028697582', '09:00:00', '23:00:00', NULL, NULL, '13:00:00', '14:00:00', NULL, '강아지,고양이', 'Y', 4.4, '2023-04-12', 100, 'N', NULL, 'https://blog.naver.com/dr_jiguchon', '2023-04-12', '면허증.pdf', '지구촌동물메디컬센터.jpg', NULL, NULL, NULL, NULL),
	('abchos', 'ABC동물병원', '$2a$10$WY0OLO5VSpPACec0HYj7MeaIwWgatkWIectewfpAYBpmMTqK1xX/K', '48291', '부산 수영구 수영로 618-1', '부산 수영구 광안동 117-10', '', ' (광안동)', '0517612502', '09:30:00', '20:30:00', NULL, NULL, NULL, NULL, NULL, '강아지,고양이', 'Y', 4.4, '2023-05-10', 7000, 'N', NULL, '', '2023-05-10', '면허증 - 복사본 (22).pdf', NULL, 186685.2639, 392549.0995, NULL, NULL),
	('acehos', '에이스동물병원', '$2a$10$9iv7ZsE575jTUBATspJV6.LCqc3lZrIVSrhe.jg334QEXjCEEhkfO', '28612', '충북 청주시 서원구 복대로 11', '충북 청주시 서원구 개신동 699', '고담빌딩 102호', ' (개신동)', '0432380055', '10:00:00', '19:30:00', NULL, NULL, NULL, NULL, NULL, '강아지,고양이', 'Y', 1.0, '2023-04-03', 6000, 'N', NULL, 'http://catshospital.tistory.com/', '2023-04-03', '면허증14.pdf', '에이스동물병원.jpg', 346433.3139, 239819.2023, NULL, NULL),
	('akhos', 'AK동물병원', '$2a$10$dXBnoxGd10aAUEqIORhxLeGF2c.80tGmmWUTQrBT/7IgkyiSSvOYe', '24358', '강원 춘천시 중앙로 127', '강원 춘천시 중앙로3가 66', '', ' (중앙로3가)', '0332422112', '10:30:00', '18:00:00', NULL, NULL, '13:00:00', '14:00:00', '일', '강아지,고양이,새,파충류,기타동물', 'Y', 4.3, '2023-03-01', 10000, 'N', NULL, 'http://akanimal.com/', '2023-03-01', '면허증 - 복사본 (3).pdf', NULL, 486169.445, 263369.5366, NULL, NULL),
	('alhos', '알프스동물병원', '$2a$10$oKS.UTO3/GwjkjIDPmvDJ.4ttvKuAGDPUpbVJvEO5AzHzYvvcoqXK', '12768', '경기 광주시 고불로 32', '', '미미상가 107호', ' (중대동)', '0317611600', '09:00:00', '19:00:00', NULL, NULL, '13:00:00', '14:00:00', NULL, '강아지,고양이,새,파충류,기타동물', 'Y', 3.9, '2023-03-25', 5000, 'N', NULL, '', '2023-03-25', '면허증 - 복사본 (17).pdf', NULL, 432438.0069, 220644.7947, NULL, NULL),
	('andonghos', '안동동물의료센터', '$2a$10$zeGBcg/b.4VMMbf8Qqmi6OTlsKdFX9/twxQrt/7kTuEHQ5YotnTQq', '36664', '경북 안동시 광명로 154-1', '경북 안동시 옥동 790-8', '1층', ' (옥동)', '0548540075', '09:30:00', '18:30:00', NULL, NULL, NULL, NULL, NULL, '강아지,고양이,새,파충류,기타동물', 'Y', NULL, '2023-05-02', 8000, 'N', NULL, '', '2023-05-02', '면허증 - 복사본 (10).pdf', NULL, NULL, NULL, NULL, NULL),
	('anyanghos1', '안양이룸동물병원', '$2a$10$Y8OywVRj/zgyUYCyJxwmueAsFkDZgNUTBEO/JCIQNOH1Dygg9A1fy', '13926', '경기 안양시 동안구 관악대로 167', '경기 안양시 동안구 비산동 1165', '상가동 1층', ' (비산동)', '0313810166', '09:30:00', '19:00:00', NULL, NULL, '13:00:00', '14:00:00', NULL, '강아지,고양이,새', 'Y', 4.5, '2021-07-14', 4000, 'N', NULL, 'https://blog.naver.com/pablo301', '2021-07-14', '면허증15.pdf', '안양이룸동물병원.jpg', NULL, NULL, NULL, NULL),
	('barenhos', '바른 동물병원', '$2a$10$GOwxc9fZ87.LfaPQ0X08AubvBIxgNDYo4Z8PwAM/jnZv.8n0S9rY.', '11691', '경기 의정부시 평화로 559-1', '경기 의정부시 의정부동 210-1', '명빌딩 1층', ' (의정부동)', '0318427582', '20:00:00', '20:00:00', NULL, NULL, NULL, NULL, NULL, '강아지,고양이', 'Y', 4.3, '2023-03-31', 8000, 'N', NULL, 'https://blog.naver.com/barunamc', '2023-03-31', '면허증11.pdf', '바른동물병원.jpg', NULL, NULL, NULL, NULL),
	('bucheanhos', '부천 준동물병원', '$2a$10$c.Mi4acNB0V7ELwdyh6vueVc5//5wVlyL/nGjUEt56Cl9tXI64jW6', '14534', '경기 부천시 신흥로 230', '경기 부천시 중동 1062-1', '101호', ' (중동)', '0323227595', '10:00:00', '20:00:00', NULL, NULL, '13:00:00', '14:00:00', NULL, '강아지,고양이,새', 'Y', 4.1, '2020-12-03', 4000, 'N', NULL, '', '2020-12-03', '면허증10.pdf', '부천 준 동물병원.jpg', NULL, NULL, NULL, NULL),
	('bundang', '분당밝은아이동물병원', '$2a$10$pV3AJTC61yEl7f1Ykg2wQudgYOo0/Z5ZlfWxLmm0xdg.QtIri2Os6', '13437', '경기 성남시 중원구 성남대로 997', '경기 성남시 중원구 여수동 200', '51-16 1층', ' (여수동)', '0317540201', '10:00:00', '19:00:00', NULL, NULL, NULL, NULL, '수', '강아지,고양이,새,파충류', 'Y', 4.0, '2023-03-21', 8000, 'N', NULL, 'http://www.brighteyeah.com/', '2023-03-21', '면허증8.pdf', '분당맑은아이동물병원.jpg', NULL, NULL, NULL, NULL),
	('centerhos', '중앙동물병원', '$2a$10$hs.B.fCxVq3TOGCd0XJNs.alMpmgKUV2mox46WKpWHcpKCvSY8v2a', '13996', '경기 안양시 만안구 안양로 258', '경기 안양시 만안구 안양동 622-216', '', ' (안양동)', '0314440275', '09:30:00', '16:00:00', NULL, NULL, '13:00:00', '14:00:00', '일', '강아지,고양이,새', 'Y', NULL, '2023-05-01', 5000, 'N', NULL, '', '2023-05-01', '면허증18.pdf', NULL, NULL, NULL, NULL, NULL),
	('cloverhos', '클로버 동물병원', '$2a$10$V1AuHoa6zH8/0/Kyw0rmIee4gCfI0Plq90LWuQySyT.Tvg8Ovmrjy', '08368', '서울 구로구 서해안로 2096', '서울 구로구 항동 242-1', '청솔프라자 2층 203,204호', ' (항동)', '0226877582', '10:00:00', '19:30:00', NULL, NULL, '13:00:00', '14:00:00', NULL, '강아지,고양이,새', 'Y', 4.4, '2020-04-03', 10000, 'N', NULL, '', '2020-04-03', '면허증3.pdf', '클로버 동물병원.jpg', NULL, NULL, NULL, NULL),
	('daonhos', '다온 동물병원', '$2a$10$dOW63jX6ZcCiWyvqZMSvm.OwSdeTQ3gknRwae9kbf/rQiTyvEqevK', '14103', '경기 안양시 동안구 평촌대로 124', '경기 안양시 동안구 평촌동 922-1', '범계빌딩 1층', ' (평촌동)', '0316890975', '00:00:00', '24:00:00', NULL, NULL, '13:00:00', '14:00:00', NULL, '강아지,고양이,새,파충류', 'Y', 4.2, '2020-10-31', 10000, 'N', NULL, 'http://daon24ah.co.kr/', '2020-10-31', '면허증4.pdf', '다온동물.jpg', NULL, NULL, NULL, NULL),
	('dasomhos', '다솜동물메디컬센터', '$2a$10$rLMZHoKICotEiGBTgA.JX.pwR6YwvcrzY1N36zhkpTAaWNgTHh5mC', '48415', '부산 남구 수영로13번길 3', '부산 남구 문현동 403-7', '1층', ' (문현동)', '051-632-7580', '10:00:00', '22:00:00', NULL, NULL, '13:00:00', '14:00:00', NULL, '강아지,고양이', 'Y', 4.5, '2020-05-06', 7000, 'N', NULL, 'https://blog.naver.com/bsdasom', '2020-05-06', '면허증 - 복사본 (19).pdf', NULL, NULL, NULL, NULL, NULL),
	('docteryun', '닥터윤', '$2a$10$.7ViW5zfs1dlYosIR5oNgOVX8ATqt1Ih1JX5npC1kz.KXfOkhY8nK', '26407', '강원 원주시 원문로100번길 2-12', '강원 원주시 단계동 100-84', '', ' (단계동)', '0337428635', '09:30:00', '15:30:00', NULL, NULL, '13:00:00', '14:00:00', NULL, '강아지,고양이', 'Y', 4.4, '2022-11-24', 1000, 'N', NULL, '', '2022-11-24', '면허증 - 복사본 (6).pdf', NULL, NULL, NULL, NULL, NULL),
	('dulyhos', '둘리동물병원', '$2a$10$SFQhjZZzrXFjBfq5aoFOb.zZU/lTpEsbUBnURqBSAWfn2vDT8fCqO', '01453', '서울 도봉구 도봉로 502', '서울 도봉구 창동 661-64', '', ' (창동)', '029930075', '10:00:00', '19:00:00', NULL, NULL, '12:30:00', '13:30:00', '토,일', '강아지,고양이,새,파충류', 'Y', 4.3, '2023-04-19', 100, 'N', NULL, '', '2023-04-19', '면허증.pdf', '둘리동물병원.jpg', NULL, NULL, NULL, NULL),
	('eyeshos', '아이즈동물병원', '$2a$10$LNWJXHYTZF5lPtZvKkgNbeVrUlr2PeTYW/tYo1v6MMO5lvHgry.oS', '25552', '강원 강릉시 옥가로 22', '강원 강릉시 옥천동 285-2', '', ' (옥천동)', '0336468841', '09:00:00', '17:30:00', NULL, NULL, NULL, NULL, '토,일', '강아지,고양이', 'Y', 4.2, '2023-04-17', 5000, 'N', NULL, '', '2023-04-17', '면허증 - 복사본 (8).pdf', NULL, NULL, NULL, NULL, NULL),
	('ganahos', '가나동물병원', '$2a$10$40W9xkHBzEfhqlU862jhfOPyi/og2gO9NAkbiwjGEmn6UyarxNPdS', '39227', '경북 구미시 금오시장로1길 16', '경북 구미시 원평동 1029-2', '1층', ' (원평동)', '0544564450', '09:30:00', '19:00:00', NULL, NULL, '13:00:00', '14:00:00', NULL, '강아지,고양이', 'Y', 2.0, '2020-07-30', 5000, 'N', NULL, 'https://blog.naver.com/gana5566', '2020-07-30', '면허증 - 복사본 (9).pdf', NULL, NULL, NULL, NULL, NULL),
	('goenhos', '고은동물병원', '$2a$10$FdH7ucpoKy3ZqNJKNY90VOJzywg2O/zDgMlJFXtxez30WH36u15Ou', '38620', '경북 경산시 경안로 226', '경북 경산시 중방동 841-5', '', ' (중방동)', '0538148005', '09:00:00', '18:30:00', NULL, NULL, '13:00:00', '14:00:00', NULL, '강아지,고양이', 'Y', NULL, '2023-01-14', 5000, 'N', NULL, 'https://blog.naver.com/veterina', '2023-01-14', '면허증 - 복사본 (15).pdf', NULL, NULL, NULL, NULL, NULL),
	('gohos', '고려동물메디컬센터', '$2a$10$C7JOaKoh4vF2R2PDeZQ80OZeKkhfSGgVC6GbKCC1izOOh7rYlTjni', '28651', '충북 청주시 서원구 사직대로 246', '충북 청주시 서원구 사직동 720-31', '', ' (사직동)', '0432685677', '00:00:00', '24:00:00', NULL, NULL, '13:00:00', '14:00:00', NULL, '강아지,고양이,새,파충류,기타', 'Y', NULL, '2020-04-01', 20000, 'N', NULL, '', '2020-04-01', '면허증13.pdf', '고려동물메디컬.jpg', NULL, NULL, NULL, NULL),
	('goldpuppy', '골드퍼피동물병원 공릉점', '$2a$10$woKzQaKG2gLGt21JoZwnt.SgMk5l2d.tGhyM1nlnToDDzkeiuY5Qm', '01848', '서울 노원구 동일로 1014', '서울 노원구 공릉동 596-5', '1층', ' (공릉동)', '029715955', '11:00:00', '20:00:00', NULL, NULL, '12:30:00', '14:00:00', NULL, '강아지,고양이', 'Y', NULL, '2022-01-15', 5000, 'N', NULL, 'http://www.goldpuppy.co.kr/', '2022-01-15', '면허증2.pdf', '골드퍼피.jpg', NULL, NULL, NULL, NULL),
	('gumihos', '구미옥계동물병원', '$2a$10$PbTS/MoovubLLMhrlyPGaeIZcMay5zKra9jIIDY2Lg8sfB1PcWXyC', '39184', '경북 구미시 산호대로31길 10', '경북 구미시 옥계동 739-1', '', ' (옥계동)', '0544767579', '09:30:00', '17:00:00', NULL, NULL, '12:30:00', '13:30:00', NULL, '강아지,고양이,새,파충류', 'Y', 4.3, '2023-04-12', 7000, 'N', NULL, 'https://blog.naver.com/vetan78', '2023-04-12', '면허증 - 복사본 (12).pdf', NULL, NULL, NULL, NULL, NULL),
	('haddenhos', '해든동물의료센터', '$2a$10$8.ydyHtcxLunWCdZZN67Ie0fuOXe1dJaQqWNJP9XeAb5.Qdm4ypmK', '11492', '경기 양주시 부흥로 1938', '경기 양주시 광사동 652-1', '오션타워 2층 201호', ' (광사동)', '0318489111', '08:00:00', '22:00:00', NULL, NULL, NULL, NULL, NULL, '강아지,고양이', 'Y', 4.4, '2023-05-13', 3000, 'N', NULL, 'https://blog.naver.com/kjsdms', '2023-05-13', '면허증6.pdf', '해든동물병원.jpg', NULL, NULL, NULL, NULL),
	('haenhos', '하은동물병원', '$2a$10$Mt./KMynl/JEA8BL3wlmvOdVENWX/TE669kSYjkW/hkIWFaN.EwLC', '13941', '경기 안양시 동안구 관악대로 257', '경기 안양시 동안구 비산동 1034-8', '2층', ' (비산동)', '0313887585', '09:00:00', '20:00:00', NULL, NULL, '13:00:00', '14:00:00', NULL, '강아지,고양이', 'Y', 4.2, '2023-02-14', 10000, 'N', NULL, '', '2023-02-14', '면허증17.pdf', '하은동물병원.jpg', NULL, NULL, NULL, NULL),
	('happyhos', '행복한동물병원', '$2a$10$njL4LaZx/utdRac8NltEqejXxdqOLwQqbfrn9rSf4eLxpJda3Yzi6', '55013', '전북 전주시 덕진구 건산로 243', '전북 전주시 덕진구 인후동1가 806-6', '', ' (인후동1가)', '0632440110', '09:30:00', '18:30:00', NULL, NULL, '13:00:00', '14:00:00', NULL, '강아지,고양이,새,파충류', 'Y', 4.2, '2022-11-27', 6000, 'N', NULL, '', '2022-11-27', '면허증 - 복사본 (18).pdf', NULL, NULL, NULL, NULL, NULL),
	('haslahos', '하슬라동물병원', '$2a$10$1V41TXo3V1THzXAGgmoEA.toxTtFlAktmqCyWUMyPOtaCc6gFB9s2', '25516', '강원 강릉시 하슬라로 131', '강원 강릉시 교동 1907-2', '', ' (교동)', '0336457585', '09:00:00', '18:00:00', NULL, NULL, NULL, NULL, NULL, '강아지,고양이,새,파충류', 'Y', NULL, '2021-04-25', 8000, 'N', NULL, 'https://blog.naver.com/haslla-ha', '2021-04-25', '면허증 - 복사본 (2).pdf', NULL, NULL, NULL, NULL, NULL),
	('healhos', '재생동물병원', '$2a$10$0i4EleSGZAxLyi6PyBP48uiGMZxdlnXko79Z47i47H/53V6GC8LHW', '47878', '부산 동래구 충렬대로 268-1', '부산 동래구 낙민동 288-58', '', ' (낙민동)', '0515554130', '09:30:00', '20:00:00', NULL, NULL, '13:00:00', '14:00:00', NULL, '강아지,고양이,새,파충류', 'Y', 4.5, '2023-04-27', 8000, 'N', NULL, '', '2023-04-27', '면허증 - 복사본 (21).pdf', NULL, NULL, NULL, NULL, NULL),
	('hyunhos', '현대종합동물병원', '$2a$10$NUI4YgcIDoJPZs7WAGgoxei6gYzybToqlnr1oWe.KfQC.Y893ZkBK', '39333', '경북 구미시 상사서로 133-3', '경북 구미시 사곡동 690-1', '1층', ' (사곡동, 굿팰리스)', '0544648275', '10:30:00', '16:30:00', NULL, NULL, '12:30:00', '14:00:00', NULL, '강아지,고양이,새,파충류', 'Y', NULL, '2023-01-31', 10000, 'N', NULL, '', '2023-01-31', '면허증 - 복사본 (11).pdf', NULL, NULL, NULL, NULL, NULL),
	('jejuhos', '제주키움동물병원', '$2a$10$ykBrIb.x1a6m30kjIvWLpupqnFAMaZ0UdpFkelHMrb.8J/irj.fv.', '63210', '제주특별자치도 제주시 중앙로 273', '제주특별자치도 제주시 이도이동 1860-1', '나라키움복합관사 106호', ' (이도이동, 나라키움 제주복합관사)', '0647257579', '09:30:00', '20:00:00', NULL, NULL, '13:00:00', '14:00:00', NULL, '강아지,고양이', 'Y', NULL, '2023-04-12', 13000, 'N', NULL, '', '2023-04-12', '면허증 - 복사본 (24).pdf', NULL, NULL, NULL, NULL, NULL),
	('joenhos', '조은 동물병원', '$2a$10$azIF7mR/JXYYkp78xrkMFeJEQOxZyGcVdw3C.VZtC5QEYiTY7.niO', '16443', '경기 수원시 팔달구 화양로35번길 21-1', '경기 수원시 팔달구 화서동 202-23', '', ' (화서동)', '0312427585', '10:30:00', '19:30:00', NULL, NULL, NULL, NULL, NULL, '강아지,고양이', 'Y', 3.9, '2023-04-27', 10000, 'N', NULL, '', '2023-04-27', '면허증12.pdf', '조은동물병원.jpg', NULL, NULL, NULL, NULL),
	('jujuhos', '주주동물병원', '$2a$10$8cMmXjhd7Bc3HdTg5veDS.NqDhYiVdMIjTNpsubX/Cfh80ugFHQN6', '25578', '강원 강릉시 성덕포남로 105', '강원 강릉시 입암동 596-1', '', ' (입암동)', '0336520075', '09:00:00', '16:30:00', NULL, NULL, '13:00:00', '14:00:00', '일', '강아지,고양이', 'Y', NULL, '2021-07-30', 10000, 'N', NULL, 'https://blog.naver.com/zzah2018', '2021-07-30', '면허증 - 복사본 (7).pdf', NULL, NULL, NULL, NULL, NULL),
	('marihos', '마리동물병원', '$2a$10$DkXq0TNwktFTDe.qLROpreVySXgnzC.uGwSah9hzWj0V/NIUeUiSq', '36136', '경북 영주시 대학로284번길 4-18', '경북 영주시 가흥동 1584-2', '아름다운빌딩 1층', ' (가흥동)', '0546387553', '09:00:00', '18:30:00', NULL, NULL, NULL, NULL, NULL, '강아지,고양이,새,파충류', 'Y', 5.0, '2023-03-24', 10000, 'N', NULL, 'https://blog.naver.com/NBlogTop.naver?isHttpsRedirect=true&blogId=mari_animal', '2023-03-24', '면허증 - 복사본 (12).pdf', NULL, NULL, NULL, NULL, NULL),
	('mayhos', '오월의산책 동물병원', '$2a$10$mtq6HONJaF9aahI2trrsBue/sc4YBYh6DkcFmP4P24E7T3cKpGRQG', '14116', '경기 안양시 동안구 경수대로 563', '경기 안양시 동안구 호계동 949-3', '', ' (호계동)', '0314520119', '09:30:00', '17:30:00', NULL, NULL, '13:00:00', '14:00:00', '토,일', '강아지,고양이', 'Y', 4.5, '2020-05-21', 20000, 'N', NULL, '', '2020-05-21', '면허증16.pdf', '오월의산책.jpg', NULL, NULL, NULL, NULL),
	('moranhos', '모란동물병원', '$2a$10$JkB3ga6WF5WcutVDcsGH7uBYhn1I.Cx0JfhY1Lm4uZyGUf3Dn.hUq', '12755', '경기 광주시 파발로 161-1', '경기 광주시 경안동 96-6', '', ' (경안동)', '0317677588', '09:30:00', '19:00:00', NULL, NULL, '13:00:00', '14:00:00', NULL, '강아지,고양이', 'Y', NULL, '2022-10-11', 8000, 'N', NULL, '', '2022-10-11', '면허증 - 복사본 (16).pdf', NULL, NULL, NULL, NULL, NULL),
	('mypetmedic', '나의동물메디컬센터', '$2a$10$e8iB6J36OgmCDBRjxmOOxusA9QORQj9d3h91BS4m4SSW6wXOX.ey2', '24874', '강원 속초시 동해대로 4163', '강원 속초시 조양동 1497-5', '', ' (조양동)', '0336367179', '09:00:00', '21:00:00', NULL, NULL, NULL, NULL, '화,일', '강아지,고양이', 'Y', NULL, '2023-04-26', 10000, 'N', NULL, '', '2023-04-26', '면허증20.pdf', NULL, NULL, NULL, NULL, NULL),
	('nurihos', '누리종합동물병원', '$2a$10$fHcjKmuC2FTTqAxKEJRaGe6tejEPkx16C0eKQVT1wS4BEvR1un.w2', '26484', '강원 원주시 서원대로 408', '강원 원주시 단구동 1512-2', '광장빌딩 1층', ' (단구동)', '0337610167', '08:00:00', '18:30:00', NULL, NULL, '13:00:00', '14:00:00', NULL, '강아지,고양이', 'Y', NULL, '2022-09-13', 10000, 'N', NULL, 'https://blog.naver.com/nurihospital', '2022-09-13', '면허증19.pdf', NULL, NULL, NULL, NULL, NULL),
	('oasishos', '오아이스동물병원', '$2a$10$onXooNUR7Fe0tqPg6DuTqeEi/zjZIi5D/0zFOcApSvkcvPpepV8Du', '16507', '경기 수원시 영통구 센트럴타운로 107', '경기 수원시 영통구 이의동 1331', '204동 2층 206~209호', ' (이의동, 광교푸르지오 월드마크, 월드스퀘어)', '0312157474', '07:00:00', '17:30:00', NULL, NULL, NULL, NULL, '일', '강아지,고양이,새,파충류,기타동물', 'Y', 4.2, '2023-05-09', 25000, 'N', NULL, 'http://oasisvet.kr/', '2023-05-09', '면허증9.pdf', '오아시스동물벼원.jpg', NULL, NULL, NULL, NULL),
	('onehos', '하나 동물병원', '$2a$10$ADN70JqF6QUeMhB.1RJizu.0mWeu0OO7rSpN0PLxmwpL/3x5j7o1W', '54840', '전북 전주시 덕진구 송천중앙로 17', '전북 전주시 덕진구 덕진동2가 167-156', '', ' (덕진동2가)', '0632535677', '11:00:00', '21:00:00', NULL, NULL, '13:00:00', '14:00:00', NULL, '강아지,고양이', 'Y', 4.4, '2019-10-08', 6000, 'N', NULL, '', '2019-10-08', '면허증 - 복사본 (20).pdf', NULL, NULL, NULL, NULL, NULL),
	('openhos', '열린동물병원', '$2a$10$xb9RM0ShTKkMGhishepkFuVSmgs29eeaqxgo6zDWdxFonsFtMUisa', '26383', '강원 원주시 만대공원길 8-10', '강원 원주시 무실동 1734-4', '', ' (무실동)', '0337436466', '11:30:00', '17:30:00', NULL, NULL, NULL, NULL, NULL, '강아지,고양이,새', 'Y', NULL, '2023-03-30', 10000, 'N', NULL, '', '2023-03-30', '면허증 - 복사본 (4).pdf', NULL, NULL, NULL, NULL, NULL),
	('puhos', '늘푸른동물병원', '$2a$10$o6v.gG/nEOi0GEG2dcSS1.kCGlkTM3vRBL0RRJuTB52cUQnxRFLkK', '39215', '경북 구미시 야은로 308', '경북 구미시 도량동 316', '', ' (도량동)', '0544533322', '09:30:00', '17:30:00', NULL, NULL, NULL, NULL, NULL, '강아지,고양이,새', 'Y', NULL, '2023-05-12', 9000, 'N', NULL, '', '2023-05-12', '면허증 - 복사본 (13).pdf', NULL, NULL, NULL, NULL, NULL),
	('rucidhos', '루시드동물메디컬센터 동대문점', '$2a$10$pez9RXuw48nwuui/i9.PT.K7rXewMxIwOeJsD4slpJFVPigHSaFqS', '02600', '서울 동대문구 전농로 57-1', '서울 동대문구 답십리동 259-22', '지하1,2,3층', ' (답십리동)', '0262170202', '11:00:00', '21:00:00', NULL, NULL, '13:00:00', '14:00:00', NULL, '강아지,고양이,새', 'N', NULL, '2021-03-09', 8500, 'N', NULL, 'http://www.lucidamc.co.kr/', '2021-03-09', '면허증 - 복사본 (25).pdf', NULL, NULL, NULL, NULL, NULL),
	('sentomhos', '센텀동물메디컬센터 수영점', '$2a$10$Zq7W1VAMBUS83JnLEeKf5.g/pdh5noEhYR1A44Nq2y6pMbNCUFgkK', '48232', '부산 수영구 연수로 407-1', '부산 수영구 수영동 450-11', '1,2,3층', ' (수영동)', '0517467582', '10:00:00', '21:00:00', NULL, NULL, NULL, NULL, NULL, '강아지,고양이,새,파충류', 'N', NULL, '2023-05-14', 7000, 'N', NULL, 'https://blog.naver.com/centumamc', '2023-05-14', '면허증 - 복사본 (20).pdf', NULL, NULL, NULL, NULL, NULL),
	('songpahos', '송파마리동물병원', '$2a$10$Eb9m7FyUQbsKrlINF0wwt.o56vKSJ3g3B17qoE1bbMb90CYosiGR6', '05642', '서울 송파구 오금로 185', '서울 송파구 방이동 115-4', '1층', ' (방이동)', '024157555', '09:00:00', '21:00:00', NULL, NULL, '13:00:00', '14:00:00', NULL, '강아지,고양이,새,파충류', 'Y', 4.9, '2020-08-23', 8000, 'N', NULL, '', '2020-08-23', '면허증 - 복사본 (26).pdf', NULL, NULL, NULL, NULL, NULL),
	('springhos', '봄날동물의료센터', '$2a$10$v4RktUH0dtHY0fHvfyyhT.PBHiiudPBrzhl.2QLVkVDJdLh2ElpT6', '17851', '경기 평택시 만세로 1842', '경기 평택시 비전동 996-2', '', ' (비전동)', '03180547582', '10:00:00', '20:00:00', NULL, NULL, '13:00:00', '14:00:00', '수', '강아지,고양이,새,파충류,기타동물', 'Y', NULL, '2022-06-30', 5000, 'N', NULL, '', '2022-06-30', '면허증7.pdf', '봄날동물의료.jpg', NULL, NULL, NULL, NULL),
	('suYhos', '선샤인동물병원', '$2a$10$2H1UzpekVYwg50ue4IL5iOgHlm4q2r2AcI/V8.f1H11QY2F5pYYMa', '39215', '경북 구미시 송선로 441', '경북 구미시 도량동 466-1', '', ' (도량동)', '0544538585', '09:30:00', '18:30:00', NULL, NULL, NULL, NULL, NULL, '강아지,고양이,새', 'Y', 4.4, '2023-04-01', 10000, 'N', NULL, 'https://blog.naver.com/kumisunshine', '2023-04-01', '면허증 - 복사본 (14).pdf', NULL, NULL, NULL, NULL, NULL),
	('testhos', '안양동물병원', '$2a$10$xN7inbEucHYwFTnoV29YzuyQl9Ed2v2lzekBuhfkPsG10FTIP0vC.', '14006', '경기 안양시 만안구 안양로 347', '경기 안양시 만안구 안양동 695-94', '', ' (안양동)', '0314660075', '08:00:00', '22:00:00', NULL, NULL, '13:00:00', '14:00:00', NULL, '강아지,고양이,새', 'Y', NULL, '2022-06-17', 100, 'N', NULL, 'http://www.carepet.co.kr/', '2022-06-17', '면허증 - 복사본.pdf', '안양동물병원.jpg', NULL, NULL, NULL, NULL),
	('treehos', '평촌나무동물병원', '$2a$10$pRCEUkPWCimNyZm9IOHG1.5PNB8BAqSZR3l9A3hd6oF24HU5b0hc.', '14061', '경기 안양시 동안구 흥안대로 458', '경기 안양시 동안구 평촌동 72-9', '', ' (평촌동)', '0314253403', '09:00:00', '20:30:00', NULL, NULL, NULL, NULL, '수,토', '강아지,고양이,새,파충류,기타동물', 'Y', 4.4, '2023-03-28', 100, 'N', NULL, '', '2023-03-28', '면허증5.pdf', '나무동물병원.jpg', NULL, NULL, NULL, NULL),
	('vhos', '브이동물메디컬센터', '$2a$10$vHHbKLQfS5pJT7bKkva.SO94fvVirC2c7WRSNqvA4Vn5L7nqfQI82', '63083', '제주특별자치도 제주시 노형14길 14', '제주특별자치도 제주시 노형동 3783', '1층', ' (노형동)', '0648030038', '10:00:00', '20:00:00', NULL, NULL, '13:00:00', '14:00:00', NULL, '강아지,고양이,새', 'Y', 4.1, '2023-02-01', 5000, 'N', NULL, 'https://blog.naver.com/vamc7575', '2023-02-01', '면허증 - 복사본 (23).pdf', NULL, NULL, NULL, NULL, NULL),
	('viphos', 'VIP동물의료센터 청담점', '$2a$10$jhh.lhxZEcXVsgEX479bAOv8qx30K.aSN3xkyL8NRdi/hkDM30j0.', '06068', '서울 강남구 삼성로133길 7', '서울 강남구 청담동 46', '베디베로스퀘어 2~4층', ' (청담동)', '025117522', '00:00:00', '24:00:00', NULL, NULL, '13:00:00', '14:00:00', NULL, '강아지,고양이,새,파충류,기타동물', 'Y', 4.4, '2020-11-02', 20000, 'N', NULL, 'https://www.vipah.co.kr/', '2020-11-02', '면허증.pdf', 'vip청담동물의료센터.jpg', NULL, NULL, NULL, NULL),
	('widthhos', '위드동물병원', '$2a$10$8SWK5ylxGwAStsEBMF1rX.Sh89DvrXbx4sX.4WECbbxbpXhGCV8HW', '25522', '강원 강릉시 선수촌로63번길 18-7', '강원 강릉시 홍제동 1026-5', '', ' (홍제동)', '0336455575', '10:00:00', '20:00:00', NULL, NULL, '13:00:00', '14:00:00', '일', '강아지,고양이,새', 'Y', NULL, '2021-01-10', 7000, 'N', NULL, '', '2021-01-10', '면허증 - 복사본 (5).pdf', NULL, NULL, NULL, NULL, NULL);
/*!40000 ALTER TABLE `hospital` ENABLE KEYS */;

-- 테이블 vet.notice 구조 내보내기
CREATE TABLE IF NOT EXISTS `notice` (
  `NOTICE_INT` int(9) NOT NULL AUTO_INCREMENT COMMENT '글번호',
  `NOTICE_ADMIN` varchar(200) NOT NULL COMMENT '작성자아이디',
  `NOTICE_TITLE` varchar(800) NOT NULL COMMENT '글제목',
  `NOTICE_CONT` varchar(3500) NOT NULL COMMENT '내용',
  `NOTICE_FILE` varchar(500) DEFAULT NULL COMMENT '첨부파일',
  `NOTICE_DATE` date NOT NULL COMMENT '작성일',
  `NOTICE_READCOUNT` int(9) NOT NULL DEFAULT 0 COMMENT '조회수',
  `NOTICE_PIN` int(1) NOT NULL DEFAULT 0 COMMENT '상단고정여부',
  `NOTICE_REALFILE` varchar(500) DEFAULT NULL COMMENT '실제첨부파일명',
  `NOTICE_DEL` varchar(3) DEFAULT 'N' COMMENT '공지사항 삭제여부',
  PRIMARY KEY (`NOTICE_INT`)
) ENGINE=InnoDB AUTO_INCREMENT=33 DEFAULT CHARSET=utf8mb3 COLLATE=utf8mb3_general_ci;

-- 테이블 데이터 vet.notice:~31 rows (대략적) 내보내기
/*!40000 ALTER TABLE `notice` DISABLE KEYS */;
INSERT INTO `notice` (`NOTICE_INT`, `NOTICE_ADMIN`, `NOTICE_TITLE`, `NOTICE_CONT`, `NOTICE_FILE`, `NOTICE_DATE`, `NOTICE_READCOUNT`, `NOTICE_PIN`, `NOTICE_REALFILE`, `NOTICE_DEL`) VALUES
	(1, '관리자', '반려동물 병원 예약 및 병원 찾기 플랫폼 \'펫메딕\'  서비스 개시', '안녕하세요, 펫메딕입니다.<br><br>반려동물 병원 예약 및 병원 찾기 서비스 \'펫메딕\' 서비스를 개시합니다!<br>대한민국 1500만 반려인들과 함께 하겠습니다.<br><br>감사합니다.<br><br><br>※ 펫메딕은 동물병원 예약 중개 플랫폼으로서 직접적인 의료서비스를 지원하지는 않습니다. <br>의료서비스에 대한 문의는 각 병원으로 직접 문의해주세요.', NULL, '2018-03-30', 4, 0, NULL, 'N'),
	(2, '관리자', '펫메딕 오픈기념 이벤트', '펫메딕 오픈 기념 이벤트를 진행합니다.<br>펫메딕을 통해 병원 예약시 소정의 상품을 증정합니다. <br><br>* 300개 한정<br>* 예약번호 1건 당 1개로 제한합니다', NULL, '2018-03-30', 3, 0, '20230520194419open_evnet-001.png', 'N'),
	(3, '관리자', '보호자회원님들을 위한 펫메딕 이용안내', '안녕하세요, 펫메딕입니다.<br><br>펫메딕은 회원가입 없이 병원 검색이 가능하며, 병원을 예약하고자 하는 보호자님은 회원가입 후 이용하실 수 있습니다.<br><br>회원 가입시에 본인 인증을 강화하여 휴대전화와 이메일 인증을 동시에 실시하오니 참고바랍니다. <br><br>아래 개인정보 약관요약을 확인해주세요. <br>감사합니다.<br><br><br>* 펫메딕 개인정보 약관요약 *<br>1. 수집하는 개인정보<br>회원가입 시점에 펫메딕이 이용자로부터 수집하는 개인정보는 아래와 같습니다.<br>- 회원 가입 시 필수항목으로 아이디, 비밀번호, 이름, 휴대전화번호, 이메일주소를 수집합니다.<br><br>2. 수집한 개인정보의 이용<br>- 콘텐츠 등 기존 서비스 제공(광고 포함)에 더하여 신규 서비스 요소의 발굴 및 기존 서비스 개선 등을 위하여 개인정보를 이용합니다.<br>- 법령 및 펫메딕 이용약관을 위반하는 회원에 대한 이용 제한 조치, 부정 이용 행위를 포함하여 서비스의 원활한 운영에 지장을 주는 행위에 대한 방지 및 제재, 계정도용 및 부정거래 방지, 약관 개정 등의 고지사항 전달, 분쟁조정을 위한 기록 보존, 민원처리 등 이용자 보호 및 서비스 운영을 위하여 개인정보를 이용합니다.<br>- 유료 서비스 제공에 따르는 본인인증, 구매 및 요금 결제, 상품 및 서비스를 위하여 개인정보를 이용합니다.<br>- 보안, 프라이버시, 안전 측면에서 이용자가 안심하고 이용할 수 있는 서비스 이용환경 구축을 위해 개인정보를 이용합니다.<br><br>3. 개인정보의 보관기간<br>회사는 원칙적으로 이용자의 개인정보를 회원 탈퇴 시 지체없이 파기하고 있습니다.<br>단, 이용자에게 개인정보 보관기간에 대해 별도의 동의를 얻은 경우, 또는 법령에서 일정 기간 정보보관 의무를 부과하는 경우에는 해당 기간 동안 개인정보를 안전하게 보관합니다.<br><br>4. 개인정보 수집 및 이용 동의를 거부할 권리<br>이용자는 개인정보의 수집 및 이용 동의를 거부할 권리가 있습니다. 회원가입 시 필수 항목에 대한 수집 및 이용 동의를 거부하실 경우, 회원가입이 어려울 수 있습니다.<br><br><br>', NULL, '2018-05-01', 3, 1, NULL, 'N'),
	(4, '관리자', '병원회원님들을 위한 펫메딕 이용안내', '안녕하세요, 펫메딕입니다.<br><br>펫메딕은 보호자 회원과 병원을 이어주는 플랫폼입니다.<br>병원등록을 요청하시면 관리자 심사를 거쳐 승인 후 서비스 이용이 가능합니다.<br><br>※ 병원등록 요청시 수집자료 (* 필수)<br>(1) 병원명과 주소, 연락처 *<br>(2) 병원등록증 또는 면허증 사본 *<br>(3) 진료시간 및 점심시간 *<br>(4) 진료과목(주 진료동물) *<br>(5) 소속 의사선생님 정보 *<br>(6) 병원사진(전경사진, 내부사진 등)<br>(7) 병원 웹사이트 주소<br><br>감사합니다.', NULL, '2018-05-01', 2, 1, NULL, 'N'),
	(5, '관리자', '소중한 우리 가족 반려견 산책 에티켓', '안녕하세요, 펫메딕입니다.<br><br>우리 가족에게는 사랑스러운 반려견! <br>함께 생활하면서 우리에게 기쁨과 위로를 주는 고마운 존재죠. 하지만 누군가에게는 내 반려견이 불편하게 느껴질 수 있습니다. 그래서 반려견과 외출을 할 땐 신경 써야 할 것들이 많은데요. <br>장소에 따라, 상황에 따라 달라지는 반려견 에티켓! 함께 알아보고 실천해서, 배려하는 반려인이 되어 봐요!<br><br><br>산책할 때 가장 중요한 에티켓은 목줄을 하는 것입니다. <br><br>한번도 사람을 물지 않았던 반려견도 위험을 느끼면 돌발행동을 할 수 있기 때문이죠. <br>이때, 목줄의 길이는 2m 내외가 적당한데요. 목줄이 너무 길면 반려견의 행동을 제지하기가 어려우니 주의해주세요! <br><br>덩치가 크거나 사납기로 알려진 맹견의 경우에는 목줄은 물론, 입마개까지 착용해야 합니다. 안전조치를 하지 않고 외출을 하면 최대 50만 원의 과태료가 부과되니 에티켓을 꼭 지켜주세요! <br><br>반려견과 산책할 때는 낯선 사람과 너무 가깝게 걷는 것도 매너에 어긋납니다. 다른 사람들과 일정한 거리를 두고 걸어주세요. <br><br>야외에서 반려견이 배변을 보면 그 즉시 치워야 다른 사람들에게 피해가 가지 않습니다. 배변은 배변 봉투에 수거하고, 물로 흔적까지 씻어주세요. 소변 역시, 물을 뿌려 악취를 제거해주셔야 합니다.  <br><br><br>보다 자세한 내용은 키즈현대 사이트에서 보실 수 있습니다.<br><br>감사합니다.', NULL, '2018-05-12', 7, 0, NULL, 'N'),
	(6, '관리자', '펫메딕 결제수단 안내', '안녕하세요. 펫메딕입니다.<br><br>펫메딕은 온라인 결제 다날 서비스를 이용하여 신용카드나 체크카드를 이용한 결제가 가능합니다.<br>(하나카드, 신한카드, BC카드, 삼성카드, 국민카드, 롯데카드, 현대카드, 농협, 카카오뱅크, 토스 등)<br><br>또한, 예약시 결제되는 진료비는 병원에 따라 상이하므로 이점 유의해주시기 바랍니다.<br>감사합니다.', NULL, '2018-05-27', 2, 0, NULL, 'N'),
	(7, '관리자', '반려동물관리사에 대해 아시나요?', '1000만 반려인 시대, 반려동물관리사라는 자격증이 있습니다.<br><br>반려동물관리사 (Companion Animal Manager) 란?<br><br>희롱.장난의 의미인 기존의 애완동물(pet Animal)의 개념이 아닌, 인간과 함께 살아간다는 동반자(Companion)의 의미가 ‘반려동물’이라는 명칭이다.<br><br>반려동물관리사란 동물보호, 애니멀 커뮤니케이터, 동물사양(품종)관리, 특수견 관리, 사육 및 분양(브리드), 핸들링(애견대회 핸들러), 위탁관리사업 및 시터, 교육훈련, 위생관리, 입양희망자에 대한 반려동물 코디, 용품개발 및 코디, 반려동물 분양상담, 반려동물 보험산업, 반려동물 장례산업 등의 다양한 영역에서 활동 가능한 반려동물의 전문가로서, (주)한국반려동물관리협회에서 한국직업능력개발원 등록(제2012-0589호) 비공인 민간자격으로 시행하는 반려동물관리사 자격시험에 최종 합격한 자를 말한다.<br><br><br>반려동물관리사 의 직무<br><br>반려동물관리사는 반려동물 관련 다양한 지식을 습득하여 반려동물의 유통, 수입검역과정, 동물학대방지 및 사후관리, 동물보호법 계도, 동물매개치료, 동물교감, 동물사양(품종)관리, 특수견 관리, 사육 및 분양, 핸들링, 위탁관리, 위생관리, 반려동물 관련 상담, 교육.훈련 등의 반련동물 관련 제반업무를 수행하는 직무이다.<br><br><br>* 민간자격증으로 한국반려동물관리협회에서 주관합니다. <br>(정보 출처: http://www.dwse.or.kr/index.php)', NULL, '2018-08-18', 3, 0, '20230520134836KakaoTalk_20230519_110223074.png', 'N'),
	(8, '관리자', '노쇼 증가로 인한 문제와 협조 요청', '안녕하세요, 펫메딕입니다.<br><br>펫메딕은 동물병원 예약 플랫폼으로서 반려동물 보호자 회원님들과 동물병원을 연결해주는 서비스를 지원하고 있습니다.<br><br>병원회원님들의 피해를 최소화하고 예약 문화를 개선하기 위해 예약당일 취소를 막고 있습니다. 그럼에도 불구하고, 최근 노쇼 증가와 이에 따른 환불 조치를 무리하게 요구하는 상황이 발생하고 있습니다.<br><br>노쇼는 양질의 의료서비스를 어렵게 만드는 행위입니다. 우리 모두에게 피해를 주는 행위를 삼가고, 아름다운 예약 문화를 만들어 나가기 위해 펫메딕 보호자 회원님들의 협조를 부탁드립니다.<br><br>감사합니다.', NULL, '2018-12-08', 3, 1, NULL, 'N'),
	(9, '관리자', '허위/악성 리뷰로 인한 병원의 피해에 대한 안내', '안녕하세요, 펫메딕입니다.<br><br>최근에 저희 플랫폼을 이용하는 동안, 허위/악성 리뷰로 인한 병원의 피해가 발생하고 있음을 알려드립니다. 이러한 행위는 심각한 문제로서 양질의 의료 서비스 제공과 환경 조성을 방해합니다.<br><br>펫메딕은 모든 반려인과 반려동물들의 안전과 신뢰를 최우선으로 여기고 있으며, 허위/악성 리뷰로 인한 문제에 대해 적극적으로 대응하고 있습니다. 허위/악성 리뷰는 신고를 통해 내부 검토를 거쳐 삭제 처리하고있으며, 이를 방지하고 피해를 최소화하기 위해 추가적인 조치를 검토하고 있습니다.<br><br>반려동물 보호자 회원님들께서는 리뷰에 대한 신중한 작성과 정확한 정보 제공에 동참해주시기를 부탁드립니다. 공정하고 신뢰할 수 있는 리뷰 문화를 함께 만들어 나가는 데에 많은 협조와 이해를 부탁드립니다.<br><br>펫메딕은 양질의 의료 서비스를 제공하고자 노력하고 있으며, 플랫폼의 안전성과 신뢰성을 높이기 위해 지속적으로 노력할 것을 약속드립니다.<br><br>감사합니다.', NULL, '2018-12-08', 7, 1, NULL, 'N'),
	(10, '관리자', '펫메딕 사이트 점검 안내 (2019. 01) ', '안녕하세요. 펫메딕입니다.<br><br>보호자 회원님들께 편리함과 양질의 서비스를 제공하기 위하여 사이트 점검을 실시합니다.<br><br>점검일시: 2019년 1월 2일 (오전:01:00 ~ 08:00)<br><br>점검 시간 동안은 서비스 이용이 일시적으로 불가능하며, 작업 진행에 따라 점검 시간이 단축되거나 연장될 수 있습니다. 이 점 양해해주시기 바랍니다.<br><br>점검을 통해 보다 안정적이고 원활한 서비스를 제공하기 위해 노력하고 있습니다.<br>앞으로도 보호자 회원님들과 함께 편리하고 신뢰할 수 있는 서비스를 제공하기 위해 최선을 다하겠습니다. <br><br>감사합니다.<br><br>', NULL, '2018-12-20', 6, 0, NULL, 'N'),
	(11, '관리자', '펫메딕 1주년 초특가 이벤트', '안녕하세요. 펫메딕입니다.<br><br>펫메딕 서비스 개시 후 1주년을 맞이하여 보호자 회원님들과 병원 회원님들께 감사의 마음을 전합니다. 이를 기념하여 초특가 이벤트를 진행하고자 합니다.<br><br>이번 이벤트에서는 5000원 지원 이벤트를 진행합니다. 예약 시 각 병원의 진료비에서 5000원을 차감한 금액으로 예약이 완료될 것입니다. 병원 회원님들에게는 정상 진료비로 결제되며, 이벤트를 통해 보다 저렴하고 편리한 서비스를 제공하고자 합니다.<br><br>펫메딕은 항상 반려인과 반려동물의 행복과 건강을 위해 노력하는 서비스가 되겠습니다.<br>앞으로도 보호자 회원님들과 병원 회원님들의 신뢰를 얻고 보다 나은 서비스를 제공하기 위해 노력할 것을 약속드립니다.<br><br>감사합니다.', NULL, '2019-03-30', 5, 0, NULL, 'N'),
	(12, '관리자', '관경병 예방접종 시기에 관한 안내', '안녕하세요. 펫메딕입니다.<br><br>반려동물의 건강을 위해 관경병 예방접종은 매우 중요합니다. <br>이에 따라 관경병 예방접종 시기에 대해 안내해드리겠습니다.<br><br>강아지의 경우:<br>-  초기 예방접종: 6~8주 이후<br>-  2차 예방접종: 초기 예방접종 후 2~4주 간격으로 총 2회 접종<br>-  성견 강아지: 1년에 한 번씩 예방접종을 권장합니다.<br><br>고양이의 경우:<br>-  초기 예방접종: 6~8주 이후<br>-  2차 예방접종: 초기 예방접종 후 2~4주 간격으로 총 2회 접종<br>-  성견 고양이: 1년에 한 번씩 예방접종을 권장합니다.<br><br>위 시기는 일반적인 예방접종의 경우이며, 개별 동물의 상태와 병원의 권고에 따라 조정될 수 있습니다. 정확한 예방접종 시기와 방법은 동물병원의 전문가와 상담하여 결정하시는 것이 좋습니다.<br><br>펫메딕은 보호자 회원님들의 반려동물 건강을 최우선으로 생각하며, 정확하고 신뢰할 수 있는 정보를 제공하기 위해 노력하고 있습니다. 언제든지 저희 사이트를 방문하여 자세한 정보를 확인하실 수 있습니다.<br><br>감사합니다.', NULL, '2019-04-02', 4, 0, NULL, 'N'),
	(13, '관리자', '가정의 달 \'반려가족\'을 위한 오프라인행사 안내', '안녕하세요. 펫메딕입니다. <br><br>가정의 달을 맞이하여 반려인과 반려동물이 더욱 행복한 생활을 할 수 있도록 오프라인 행사 \'반려가족\'을 위한 펫메딕 \'반려가족 페어\'를 개최합니다. <br><br>참여: 펫메딕 회원 50명 + 반려가족 최대 2마리 동반<br>시간: 2019/05/04 (토) 10:00 ~ 15:00<br>구성프로그램: <br>1. 수의사 선생님의 반려가족 건강체크 수업<br>2. 스트레스를 줄이는 강아지 미용 TIP<br>3. 반려가족 멘탈관리<br><br>본 행사는 클로버 동물병원의 협조로 진행되며 한정인원만이 참여할 수 있으니 참여 의사가 있으신 보호자 회원님께서는 클로버 동물병원으로 문의 부탁드립니다.<br><br>감사합니다. <br><br>', NULL, '2019-05-01', 2, 0, '20230520194552open_evnet-004 (1).png', 'N'),
	(14, '관리자', '병원회원 전용 `커뮤니티 게시판` 오픈', '안녕하세요. 펫메딕입니다.<br><br>펫메딕 병원 회원님들의 소통을 위해 홈페이지 내 병원회원 전용 커뮤니티 게시판을 오픈했습니다.<br><br>이용 방법은 펫메딕(www.petmedic.kro.kr)에 접속하여 오른쪽 상단의 `병원회원`을 클릭한 뒤, 아이디와 비밀번호를 입력하시면 커뮤니티에 접근하실 수 있습니다. 병원회원 전용 커뮤니티 게시판에 많은 관심과 성원 부탁드립니다.<br><br>수고하세요.', NULL, '2019-10-27', 1, 0, NULL, 'N'),
	(15, '관리자', '펫메딕 사이트 점검 안내 (2020. 01)', '안녕하세요. 펫메딕입니다.<br><br>보호자 회원님들께 편리함과 양질의 서비스를 제공하기 위하여 사이트 점검을 실시합니다.<br><br>점검일시: 2020년 1월 2일 (오전:01:00 ~ 08:00)<br><br>점검 시간 동안은 서비스 이용이 일시적으로 불가능하며, 작업 진행에 따라 점검 시간이 단축되거나 연장될 수 있습니다. 이 점 양해해주시기 바랍니다.<br><br>점검을 통해 보다 안정적이고 원활한 서비스를 제공하기 위해 노력하고 있습니다.<br>앞으로도 보호자 회원님들과 함께 편리하고 신뢰할 수 있는 서비스를 제공하기 위해 최선을 다하겠습니다.<br><br>감사합니다.', NULL, '2019-12-20', 2, 0, NULL, 'N'),
	(16, '관리자', '펫메딕 2주년 감사 이벤트', '안녕하세요! 펫메딕입니다. <br><br>서비스 개시 2주년을 맞이하여 특별한 감사 행사를 진행합니다. <br>보호자 회원님들께서 펫메딕을 통해 병원을 예약하고 방문하실 때 소정의 사은품을 증정해드리려고 합니다. 이 행사는 2주년을 기념하며, 총 200명에게 한정하여 진행될 예정입니다.<br><br>대상 :  병원 예약 후 방문한 보호자 회원님들 중 200명<br>사은품 지급 방법: 방문 시 병원 스태프에게 예약 확인 시 증정 (사은품 내용은 추후 공지)<br>행사 기간: 2020년 4월 1일부터 4월 15일까지 (또는 선정 인원이 마감되는 경우 조기 종료될 수 있습니다.)<br>* 예약 1회 당 1개씩 증정됩니다. <br><br>보호자 회원님들의 사랑과 성원에 감사드리며, 앞으로도 더욱 발전된 서비스를 제공하겠습니다.<br><br>감사합니다.', NULL, '2020-03-30', 1, 0, NULL, 'N'),
	(17, '관리자', '2020 펫메딕 온라인 특강 안내', '안녕하세요. 펫메딕입니다. <br><br>★ 2020 펫메딕 온라인 특강 일정 안내★<br><br>6월 4일 목요일 20시 평촌나무동물병원의 온라인 특강이 진행될 예정입니다.<br><br>주제: <발작부터 마비까지> 반려동물 질병 케이스 리뷰<br>대상: 펫메딕 회원 약 30명<br><br>온라인 특강 신청은 평촌나무 동물병원으로 문의해주세요.<br>추후 신청자에 한해 줌 링크를 전달할 예정입니다.<br><br>2020 펫메딕 온라인 특강은 평촌나무 동물병원의 협조로 진행됩니다.<br>많은 관심 부탁드립니다. <br><br>감사합니다.', NULL, '2020-05-01', 3, 0, NULL, 'N'),
	(18, '관리자', '펫메딕 사이트 점검 안내 (2021. 01)', '<br>안녕하세요. 펫메딕입니다.<br><br>보호자 회원님들께 편리함과 양질의 서비스를 제공하기 위하여 사이트 점검을 실시합니다.<br><br>점검일시: 2021년 1월 2일 (오전:01:00 ~ 08:00)<br><br>점검 시간 동안은 서비스 이용이 일시적으로 불가능하며, 작업 진행에 따라 점검 시간이 단축되거나 연장될 수 있습니다. 이 점 양해해주시기 바랍니다.<br><br>점검을 통해 보다 안정적이고 원활한 서비스를 제공하기 위해 노력하고 있습니다.<br>앞으로도 보호자 회원님들과 함께 편리하고 신뢰할 수 있는 서비스를 제공하기 위해 최선을 다하겠습니다.<br><br>감사합니다.<br>', NULL, '2020-12-20', 1, 0, NULL, 'N'),
	(19, '관리자', '펫메딕 3주년 기부천사 행사안내', '안녕하세요. 펫메딕입니다. <br>펫메딕 오픈 3주년을 기념하여 뜻깊은 행사를 준비하였으니 보호자 회원님들의 많은 관심바랍니다.<br><br>★ 3주년 행사 이벤트 내용 ★<br><br>① 반려동물 건강검진 예약 기부이벤트<br>기간: 2021년 4월 한 달간<br>행사 기간 동안 반려동물 건강검진을 예약하는 보호자 회원님들의 인원수에 따라 유기동물보호소에 사료와 간식을 지원합니다. 아름다운 마음으로 건강검진 예약에 참여해주세요.<br><br><br>② 비대면 입양 행사:<br>일시: 2021년 4월 매주 토요일 13시 ~ <br>유기동물보호소와 협력하여 비대면으로 만남의 장을 열어, 유기동물들이 새로운 보금자리를 찾을 수 있도록 보호자 회원여러분께 소개하는 시간을 가집니다. 회원님들의 따뜻한 마음과 참여로, 동물들에게 새로운 가족과 사랑을 선물해주세요! <br><br>펫메딕을 사랑해주시는 보호자 회원님들의 많은 참여와 관심을 기대합니다.<br>함께하는 모든 분들께 감사의 마음을 전하며, 앞으로도 더 좋은 서비스를 제공하기 위해 노력하겠습니다.<br><br>감사합니다.', NULL, '2021-03-15', 0, 0, NULL, 'N'),
	(20, '관리자', '새 가족 댕댕이 반려동물 등록은 선택 아닌 필수!', '안녕하세요. 펫메딕입니다.<br><br>강아지와 함께 하는 가정이라면 동물등록을 해야합니다. 지자체나 동물병원 등에 방문하시어 반려동물을 등록해주어야 하며, 미등록시 과태료를 부과받을 수 있습니다.<br>(자세한 내용은 농림축산식품부 참고바랍니다)<br><br><br><br><br>◇ 동물등록제<br><br>"동물등록제" 란 등록대상동물의 소유자가 동물의 보호와 유실ㆍ유기방지 등을 위해 시장ㆍ군수ㆍ구청장(자치구의 구청장을 말함)ㆍ특별자치시장에게 등록대상동물을 등록해야 하는 제도로서 반려동물의 등록관리를 통해 소유주의 책임을 강화하고 동물보호를 목적으로 만들어진 제도입니다(「동물보호법」제12조제1항 참조).<br><br><br>◇ 대상<br><br>반려동물등록 대상은 월령(月齡)이 2개월 이상인 개로서 주택 및 준주택에서 기르는 경우와 주택 외의 장소에서 반려목적으로 기르는 경우 입니다(「동물보호법 시행령」 제3조).<br><br>※ 등록대상동물의 소유자는 등록하려는 동물이 등록대상 월령(月齡) 이하인 경우에도 등록할 수 있습니다(「동물보호법 시행규칙」 제8조제4항). <br><br>※ 등록대상동물이 맹견이 아닌 경우로서 다음과 같은 지역에서는 특별시ㆍ광역시ㆍ도ㆍ특별자치도ㆍ특별자치시의 조례로 동물을 등록하지 않을 수 있는 지역으로 정할 수 있습니다(「동물보호법」 제12조제1항 단서 및 「동물보호법 시행규칙」 제7조). <br><br><br>◇ 동물등록 신청방법 등<br><br>동물등록 신청기한은 해당 동물의 소유권을 취득한 날 또는 소유한 동물이 등록대상동물이 된 날부터 30일 이내에 시장ㆍ군수ㆍ구청장(자치구의 구청장을 말함)ㆍ특별자치시장 또는 등록대행기관에 신청해야 합니다(「동물보호법」제12조제1항·제4항 및 「동물보호법 시행규칙」 제8조제1항).<br><br>※ 동물판매업소에서 분양받은 경우 동물판매업자는 등록대상동물을 판매 시 구매자의 명의로 동물등록신청(무선식별장치 장착 및 등록신청서 제출을 의미)을 한 후 판매하도록 2021년 2월 12일부터 의무화되었습니다(「동물보호법」 제36조제2항·제3항 참조).<br><br> <br>※ 동물등록은 등록대상동물과 함께 시장·군수·구청장(자치구의 구청장을 말함)·특별자치시장이 대행업체로 지정한 동물병원 및 동물판매업소 등을 방문하여 신청서 작성 후 수수료를 납부하고, 동물등록 방법(내장형·외장형·인식표) 중 하나를 선택하여 등록해야 합니다(「동물보호법」 제2조제2호, 제12조제4항 및 「동물보호법 시행규칙」 제10조제1항 참조).<br><br>※ 동물등록 업무를 대행할 수 있는 자는 다음에 해당하는 자 중에서 시장ㆍ군수ㆍ구청장(자치구의 구청장을 말함)ㆍ특별자치시장이 지정합니다(「동물보호법」 제12조제4항, 「동물보호법 시행규칙」 제10조제1항).<br>(1) 동물병원을 개설한 자<br>(2) 등록된 비영리민간단체 중 동물보호를 목적으로 하는 단체<br>(3) 설립된 법인 중 동물보호를 목적으로 하는 법인<br>(4) 등록된 동물판매업자<br>(5) 동물보호센터<br><br>※ 가까운 등록대행업체는 농림축산검역본부 동물보호관리시스템(https://www.animal.go.kr)에서 검색이 가능합니다.<br><br><br>◇ 위반 시 처벌<br><br>※ 등록대상동물을 등록을 하지 않은 소유자는 100만원 이하의 과태료를 부과 받을 수 있습니다(「동물보호법」 제47조제2항제5호, 「동물보호법 시행령」 제20조제1항 및 별표 제2호마목).<br>', NULL, '2021-04-11', 1, 0, NULL, 'N'),
	(21, '관리자', '우리동네 동물병원 지원사업 안내', '안녕하세요. 펫메딕입니다. <br><br>★ 우리동네 동물병원 지원사업 안내★<br><br>우리동네 동물병원 프로그램은 기초수급자,차상위계층이신분들이 키우시는 반려동물 의료서비스 지원안내 입니다. <br>최대 2마리 까지 지원받으실 수 있으십니다.<br><br>자세한 사항은 협력 동물병원에 문의바랍니다.<br><br>○ 주요 내용<br>기간: 2021.07.01 ~ 08.31.<br>대상: 개와 고양이를 기르는 기초생활수급자, 차상위계층, 한부모가족<br>내용:<br>  (필수진료) 건강검진, 예방접종, 심장사상충 예방약, 광견병예방접종(20만원)<br>  (선택진료) 필수진료 중 발견된 질병 치료 또는 중성화수술(최대 20만원)<br><br>* 1가구당 1회 2마리까지 지원, 선택진료 지원 불가 항목 : 미용, 심장사상충예방약·영양제 등 단순 처방<br>* 2개 이상 동물병원에서 중복으로 동물의료지원 혜택을 받은 사실이 확인될 경우 향후 지원사업 참여불가<br><br>* 협력 동물병원:  위드동물병원, 오아이스동물병원, 바른 동물병원 <br><br>감사합니다.', NULL, '2021-06-05', 1, 0, NULL, 'N'),
	(22, '관리자', '펫메딕 사이트 점검 안내 (2022. 01)', '안녕하세요. 펫메딕입니다.<br><br>보호자 회원님들께 편리함과 양질의 서비스를 제공하기 위하여 사이트 점검을 실시합니다.<br><br>점검일시: 2022년 1월 2일 (오전:01:00 ~ 08:00)<br><br>점검 시간 동안은 서비스 이용이 일시적으로 불가능하며, 작업 진행에 따라 점검 시간이 단축되거나 연장될 수 있습니다. 이 점 양해해주시기 바랍니다.<br><br>점검을 통해 보다 안정적이고 원활한 서비스를 제공하기 위해 노력하고 있습니다.<br>앞으로도 보호자 회원님들과 함께 편리하고 신뢰할 수 있는 서비스를 제공하기 위해 최선을 다하겠습니다.<br><br>감사합니다.<br>', NULL, '2021-12-20', 1, 0, NULL, 'N'),
	(23, '관리자', '펫메딕 4주년 추첨 반려동물 피규어 제작 이벤트 안내', '안녕하세요! 펫메딕입니다.<br><br>펫메딕은 4주년을 맞이하여 특별한 이벤트를 준비하였습니다. 이번 이벤트에서는 신청한 보호자 회원들 중 30명을 추첨하여, 당신의 소중한 반려동물의 피규어를 제작해드립니다!<br><br>피규어의 사이즈는 약 10cm x 15cm로, 작지만 상세한 디자인과 실물감을 담을 수 있습니다. 추첨으로 선정된 회원들께서는 자신의 반려동물의 생동감 넘치는 모습을 그대로 담은 피규어를 받게 됩니다. 이는 당신의 반려동물과의 소중한 추억을 영원히 기억할 수 있는 특별한 선물이 될 것입니다.<br><br>참여 방법은 매우 간단합니다. 펫메딕 웹사이트에 접속하여 행사 페이지에서 신청서를 작성하시면 됩니다. 신청은 기간 내에 제출하시기 바랍니다. 선정된 회원들에게는 개별적으로 안내드릴 예정입니다.<br><br>이 행사는 보호자 회원님들께서 펫메딕과 함께한 4년 동안의 성원에 감사의 마음을 전하기 위해 기획되었습니다. 우리의 반려동물들과 함께한 소중한 순간을 기리고, 그 기억을 피규어로 영원히 간직할 수 있는 기회입니다.<br><br>펫메딕 4주년 이벤트에 많은 관심과 참여 부탁드립니다. 회원 여러분들의 적극적인 참여로 이벤트를 더욱 의미있고 특별하게 만들어나가겠습니다.<br><br>감사합니다.', NULL, '2022-03-15', 2, 0, NULL, 'N'),
	(24, '관리자', '펫메딕 업데이트 안내 (2022/05)', '안녕하세요. 펫메딕입니다.<br>펫메딕이 서비스 개시 후 4년이라는 시간이 흘렀습니다.<br><br>꾸준한 사랑과 관심을 보여주신 보호자 회원님들과 힘써 주시는 병원회원님들을 위하여 펫메딕을 업데이트 하고자합니다.<br><br>이제는 어플리케이션으로도 접근할 수 있는 펫메딕으로 반려가족의 건강을 더 편하게 지켜줄 수 있게 됩니다. (올해 안으로 출시예정)<br><br>앞으로도 발전하는 펫메딕을 기대해주시기 바랍니다.<br>감사합니다.', NULL, '2022-05-23', 2, 0, NULL, 'N'),
	(25, '관리자', '병원회원 전용 \'커뮤니티 게시판\' 잠정 중단 안내', '안녕하세요 펫메딕입니다.<br><br>병원회원님들께 드리는 소식이 있습니다. 고객님들의 편의를 위해 개설한 회원전용 \'커뮤니티 게시판\' 서비스가 잠정 중단될 예정입니다. 중단일은 2022년 8월 22일입니다.<br><br>중단 이후로는 해당 게시판에 작성된 게시글에 접근이 불가능하니, 필요한 정보가 남아있는 병원회원님들께서는 미리 백업해두시기를 권장드립니다.<br><br>감사합니다. <br>', NULL, '2022-08-10', 0, 0, NULL, 'N'),
	(26, '관리자', '펫메딕 사이트 점검 안내 (2023 01)', '안녕하세요. 펫메딕입니다.<br><br>보호자 회원님들께 편리함과 양질의 서비스를 제공하기 위하여 사이트 점검을 실시합니다.<br><br>점검일시: 2023년 1월 2일 (오전:01:00 ~ 08:00)<br><br>점검 시간 동안은 서비스 이용이 일시적으로 불가능하며, 작업 진행에 따라 점검 시간이 단축되거나 연장될 수 있습니다. 이 점 양해해주시기 바랍니다.<br><br>점검을 통해 보다 안정적이고 원활한 서비스를 제공하기 위해 노력하고 있습니다.<br>앞으로도 보호자 회원님들과 함께 편리하고 신뢰할 수 있는 서비스를 제공하기 위해 최선을 다하겠습니다.<br><br>감사합니다.', NULL, '2022-12-21', 3, 0, NULL, 'N'),
	(27, '관리자', '펫메딕 5주년 반려동물 체험 캠프 개최안내', '5주년을 맞이하여 반려가족이 함께할 수 있는 캠프 이벤트를 개최하니 많은 관심과 참여 부탁드립니다.<br><br>[ 반려동물 체험 캠프 이벤트 ]<br><br>펫메딕은 회원님들의 소중한 반려동물과 함께하는 특별한 체험을 제공하고자 하는 마음으로 \'반려동물 체험 캠프\'를 개최합니다. <br>반려가구 10팀을 초청하여 다양한 체험을 할 수 있는 기회를 드립니다.<br><br>※ 이벤트 안내 및 신청 절차 <br><br>대상: 펫메딕 회원 중 반려동물과 함께 참여할 수 있는 회원<br>신청 방법: 이벤트 페이지에서 자세한 내용을 확인하세요 (2023/04/01 오픈)<br>추첨 및 결과 발표: 추첨을 통해 선정된 10팀에 한하여 개별 안내드립니다.<br><br>※  행사 일정 및 내용 <br><br>반려동물 체험 캠프는 특별한 활동과 교육 프로그램 등 다양한 체험부스를 마련하였습니다.<br>이벤트에 참여하실 반려가족분들은 반려동물의 정보와 참여 의사를 신청서에 기재하여 신청해 주시기 바랍니다.<br>펫메딕과 함께하는 5주년을 기념하여 준비한 이번 이벤트는 회원님들의 성원과 사랑에 보답하는 행사에 많은 분들의 관심과 참여를 기다립니다.<br><br>감사합니다.<br><br>* 질병정보가 있는 반려동물의 경우 체험활동 참여가 제한될 수 있습니다.', NULL, '2023-03-10', 2, 0, NULL, 'N'),
	(28, '관리자', '진료비중 일부 부가가치세 면세대상 안내', '안녕하세요. 펫메딕입니다.<br><br>동물병원의 부가가치세법이 개정되었습니다.<br>주요 내용은 예방접종, 중성화 수술, 사상충 및 기생충약과 같은 예방적 약물, 예방목적의 병리학적 검사(x-ray 및 초음파, MRI, CT등 영상진단은 제외됨) 는 면세로 개정되었습니다.<br><br>이에 병원의 진료비에도 변동이 있을 것으로 예상되니 5월 이전 예약하신 보호자 회원님들께서는 하단의 자세한 사항을 참고하셔서 병원 방문시 꼭 문의하시기 바랍니다. <br><br>감사합니다.<br><br><br><br><br>부가가치세법 시행령<br><br>제29조(의료보건용역의 범위) 법 제12조제1항제5호에 규정하는 의료보건용역은<br><br>다음 각 호에 규정하는 것(「의료법」 또는 「수의사법」에 따라 의료기관 또는 동물병원을<br><br>개설한 자가 제공하는 것을 포함한다)으로 한다.<br>5.「수의사법」에 규정하는 수의사가 제공하는 용역. 다만, 동물의 진료용역은 다음 각 목의<br><br>어느 하나에 해당하는 진료용역으로 한정한다.<br>가.「축산물위생관리법」에 따른 가축에 대한 진료용역<br>나.「기르는 어업육성법」에 따른 수산동물에 대한 진료용역<br>다.「장애인복지법」제40조제2항에 따른 장애인 보조견표지를 발급받은 장애인 보조견에 대한 진료용역<br>라. 가목부터 다목까지의 규정에 따른 진료용역 외에 질병의 예방을 목적으로 하는 동물의 진료용역으로서<br><br>농림수산식품부장관이 기획재정부장관과 협의하여 고시하는 용역<br><br><br>농림수산식품부 고시(부가가치세 면세대상인 질병의 예방을 목적으로 하는 동물의 진료용역)<br><br>제2조(부가가치세 면세대상 동물의 진료용역) 부가가치세 면세대상인 질병예방을 목적으로<br><br>하는 동물의 진료용역은 아래와 같다.<br>○ 예방접종 : DHPPL(종합백신), 광견병, 신종플루, 전염성기관지염, 코로나장염,<br><br>FVRC(고양이종합백신), 전염성복막염, 고양이백혈병바이러스, 고양이ringworm백신<br>○ 약 : 심장사상충, 회충약 등 예방약 투약, 옴, 진드기, 벼룩, 사상균증 등 피부질환 및<br><br>외부기생충 예방제 도포<br>○ 수술 : 중성화수술<br>○ 병리학적 검사       ', NULL, '2023-05-01', 1, 0, NULL, 'N'),
	(29, '관리자', '진료비 부가세 안내', '안녕하세요. 펫메딕입니다.<br><br>2023년 7월 1일 부터 동물병원에서 수의사가 제공하는 동물진료용역에 10% 부가세가 부과됩니다.<br><br>진료에 필수에 필수적으로 부수되는 동물약품 판매, 식이요법,<br>의약외품(약용샴푸 등)은 부가가치세법 제 12조 제3항에 따라 면세되어 왔으나, 2023년 7월 1일부터 과세됩니다.<br><br>축산물위생관리법상의 가축(소, 말, 돼지, 사육멧돼지, 양, 염소, 닭, 오리, 사슴, 토끼, 칠면조, 거위, 메추리,<br><br>꿩, 당나귀)과 기르는 어업육성법상의 수산동물에 대한 진료용역은 제외됩니다.<br><br>펫메딕에서는 이전부터 의료에 대한 예약만을 서비스하여 일반 용품 및 미용 비용은 해당되지 않습니다. 하지만 예약 후 추가적인 서비스(미용 등)을 원하시는 보호자 회원의 경우 병원측에 문의를 해주셔야합니다.<br><br>감사합니다. ', NULL, '2023-05-01', 1, 0, NULL, 'N'),
	(30, '관리자', '2023년 봄철 관납 광견병 안내', '안녕하세요. 펫메딕입니다.<br><br>관경병 접종 시기가 도래하여 안내드립니다. <br><br>봄철 국가 광견병(관납) 접종이 2023년 5월 15일(금) 부터 선착순 접종 시작합니다.<br> 국가지원 광견병 백신의 경우 제품이 따로 지급되기 때문에 재고소진시 접종이 종료될 수 있으니 이 점 유의하시어 예약하시기 바랍니다. <br><br>* 오후 5시 이후에는 접종 후 급성 민감성 반응의 관찰이 어려우니 가급적 오전 시간대로 예약하시기 바랍니다. <br>* 국가 관납 사업의 경우 강아지는 동물등록된 아이들만 가능합니다.<br><br>감사합니다.<br>', NULL, '2023-05-10', 5, 0, NULL, 'N'),
	(31, '관리자', '펫메딕 사이트 서버점검 안내 (2023.06)', '안녕하세요. 펫메딕입니다.<br><br>보호자 회원님들께 편리함과 양질의 서비스를 제공하기 위하여 서버 점검을 실시합니다.<br><br>점검일시: 2023년 6월 2일 (오전 06:00 ~ 08:00)<br><br>점검 시간 동안은 서비스 이용이 일시적으로 불가능하며, 작업 진행에 따라 점검 시간이 단축되거나 연장될 수 있습니다. 이 점 양해해주시기 바랍니다.<br><br>점검을 통해 보다 안정적이고 원활한 서비스를 제공하기 위해 노력하고 있습니다.<br>앞으로도 보호자 회원님들과 함께 편리하고 신뢰할 수 있는 서비스를 제공하기 위해 최선을 다하겠습니다.<br><br>감사합니다.<br>', NULL, '2023-05-20', 2, 0, NULL, 'N'),
	(32, '관리자', '공지사항 기능테스트입니다', '테스트입니다', NULL, '2023-05-20', 1, 0, '', 'Y');
/*!40000 ALTER TABLE `notice` ENABLE KEYS */;

-- 테이블 vet.pet 구조 내보내기
CREATE TABLE IF NOT EXISTS `pet` (
  `PET_USERS_ID` varchar(20) DEFAULT NULL COMMENT '보호자아이디',
  `PET_NAME` varchar(200) DEFAULT NULL COMMENT '반려동물이름',
  `PET_AGE` int(3) DEFAULT NULL COMMENT '반려동물나이',
  `PET_WEIGHT` int(3) DEFAULT NULL COMMENT '반려동물무게(KG)',
  `PET_SEX` varchar(10) DEFAULT NULL COMMENT '반려동물성별',
  `PET_CATE` varchar(500) DEFAULT NULL COMMENT '반려동물품종',
  `PET_INFO` varchar(1000) DEFAULT NULL COMMENT '반려동물 질병정보',
  `PET_PIC` varchar(500) DEFAULT NULL COMMENT '반려동물 프로필사진',
  `PET_NEUTER` varchar(10) DEFAULT NULL COMMENT '중성화여부(Y/N/모름)',
  KEY `FK_USERS_ID` (`PET_USERS_ID`),
  CONSTRAINT `FK_USERS_ID` FOREIGN KEY (`PET_USERS_ID`) REFERENCES `users` (`USERS_ID`)
) ENGINE=InnoDB DEFAULT CHARSET=utf8mb3 COLLATE=utf8mb3_general_ci;

-- 테이블 데이터 vet.pet:~57 rows (대략적) 내보내기
/*!40000 ALTER TABLE `pet` DISABLE KEYS */;
INSERT INTO `pet` (`PET_USERS_ID`, `PET_NAME`, `PET_AGE`, `PET_WEIGHT`, `PET_SEX`, `PET_CATE`, `PET_INFO`, `PET_PIC`, `PET_NEUTER`) VALUES
	('somi1234', '나나', 6, 5, '수컷', '치즈태비', NULL, '치즈태비31.jpg', 'Y'),
	('somi1234', '도도', 2, 6, '수컷', '코리안숏헤어', NULL, '코리안숏헤어4.jpg', 'Y'),
	('jason', '절미', 1, 0, '암컷', '드워프햄스터', NULL, '드워프햄스터1.jpg', 'N'),
	('anize14', '쿠키', 4, 3, '암컷', '말티즈', '아토피', '말티즈5.jpg', 'Y'),
	('asgrfrt43', '사랑이', 2, 6, '수컷', '푸들', '슬개골 탈구', '푸들2.jpg', 'N'),
	('dasd1234', '초코', 8, 3, '암컷', '말티즈', NULL, '말티즈6.jpg', 'Y'),
	('cads123', '설이', 4, 2, '수컷', '말티즈', NULL, '말티즈4.jpg', 'Y'),
	('xzdsadsa12', '아롱이', 3, 2, '암컷', '치와와', NULL, '치와와1.jpg', 'Y'),
	('bsdzxd123', '다롱이', 10, 7, '암컷', '시츄', NULL, '시츄1.jpg', 'Y'),
	('boyeong1234', '까미', 8, 7, '수컷', '시츄', '아토피', '시츄1.jpg', 'Y'),
	('cczxrw1234', '토토', 5, 16, '수컷', '비글', NULL, '비글2.jpg', 'N'),
	('nreq412', '또리', 12, 7, '암컷', '닥스훈트', NULL, '닥스훈트1.jpg', 'Y'),
	('fwqewda', '짱아', 5, 6, '암컷', '시츄', NULL, '시츄1.jpg', 'N'),
	('cksdl1234', '짱구', 5, 5, '수컷', '시츄', NULL, '시츄1.jpg', 'Y'),
	('nreq412', '누누', 4, 6, '수컷', '코리안숏헤어', '슬개골 탈구', '코리안숏헤어7.jpg', 'Y'),
	('fwqewda', '쎄리', 8, 5, '암컷', '치즈태비', NULL, '치즈태비5.jpg', 'Y'),
	('cksdl1234', '프린세스', 6, 6, '암컷', '코숏턱시도', NULL, '코숏턱시도13.jpg', '모름'),
	('dasdsss432', '프린스', 7, 7, '수컷', '치즈태비', '슬개골 탈구', '치즈태비33.jpg', '모름'),
	('xzcasd1', '토리', 3, 2, '암컷', '말티즈', NULL, '말티즈2.jpg', '모름'),
	('gefdf1234', '노아', 5, 2, '수컷', '치와와', '슬개골 탈구', '치와와2.jpg', 'N'),
	('rawesa123', '로라', 8, 6, '암컷', '시츄', NULL, '시츄2.jpg', 'N'),
	('dktneh21', '빅토리', 11, 5, '수컷', '치즈태비', NULL, '치즈태비7.jpg', 'Y'),
	('zmsh1234', '철이', 12, 5, '수컷', '코숏턱시도', NULL, '코숏턱시도7.jpg', '모름'),
	('ndydgf123', '딸기', 6, 2, '암컷', '말티즈', '아토피', '말티즈5.jpg', '모름'),
	('czrasz123', '엔젤', 9, 11, '암컷', '푸들', NULL, '푸들2.jpg', 'N'),
	('tewsdf123', '꼬맹이', 10, 0, '수컷', '앵무새', NULL, '앵무새1.jpg', 'N'),
	('sdyfbv43', '장군이', 8, 0, '수컷', '앵무새', NULL, '앵무새2.jpg', 'N'),
	('taehee1234', '핑키', 8, 0, '암컷', '앵무새', NULL, '앵무새1.jpg', 'N'),
	('zxcasd123', '소망이', 1, 8, '수컷', '푸들', NULL, '푸들3.jpg', 'Y'),
	('mgdfdf13', '복구', 5, 0, '암컷', '앵무새', NULL, '앵무새3.jpg', 'N'),
	('dasdsad1234', '푸름이', 4, 6, '수컷', '시츄', '슬개골 탈구', '시츄2.jpg', 'Y'),
	('subin1234', '몽실이', 6, 14, '암컷', '스피치', NULL, '스피치3.jpg', 'Y'),
	('disdlj1234', '제리', 1, 0, '암컷', '드워프햄스터', NULL, '드워프햄스터2.jpg', 'N'),
	('chaeun1234', '레오', 2, 0, '수컷', '드워프햄스터', NULL, '드워프햄스터4.jpg', 'N'),
	('disna1234', '똘이', 1, 0, '암컷', '드워프햄스터', NULL, '드워프햄스터4.jpg', 'N'),
	('fasddra1234', '예삐', 2, 6, '암컷', '코숏턱시도', NULL, '코숏턱시도8.jpg', 'N'),
	('soyeon1234', '하양이', 8, 14, '수컷', '스피치', NULL, '스피치1.jpg', 'Y'),
	('hyeonmin1234', '백설이', 10, 14, '암컷', '스피치', '아토피', '스피치8.jpg', 'N'),
	('dawoon1234', '공공이', 2, 6, '암컷', '푸들', NULL, '푸들7.jpg', 'Y'),
	('jiwon1234', '장미', 3, 0, '수컷', '레오파드 게코', NULL, '레오파드개코1.jpg', 'Y'),
	('jtscb543', '콩이', 2, 0, '암컷', '레오파드 게코', NULL, '레오파드개코1.jpg', '모름'),
	('vsdrdxz1234', '로또', 3, 0, '수컷', '레오파드 게코', NULL, '레오파드개코2.jpg', '모름'),
	('vuskej54', '럭키', 3, 0, '암컷', '레오파드 게코', NULL, '레오파드개코2.jpg', '모름'),
	('seunghui1234', '시루', 4, 0, '수컷', '레오파드 게코', NULL, '레오파드개코2.jpg', '모름'),
	('st4dbw', '단비', 12, 6, '암컷', '시츄', NULL, '시츄2.jpg', 'Y'),
	('jiyeods', '구름이', 14, 6, '암컷', '시츄', '슬개골 탈구', '시츄2.jpg', 'Y'),
	('kdjnr34', '샛별', 15, 18, '수컷', '비글', NULL, '비글5.jpg', 'Y'),
	('seungmu1234', '태양', 3, 0, '암컷', '레오파드 게코', NULL, '레오파드개코3.jpg', '모름'),
	('seonghyun1234', '로미', 3, 6, '암컷', '푸들', '아토피', '푸들6.jpg', 'Y'),
	('sejin', '깐멍', 5, 11, '수컷', '푸들', NULL, '푸들7.jpg', 'Y'),
	('gewf1426', '요셉', 3, 0, '암컷', '레오파드 게코', NULL, '레오파드개코3.jpg', '모름'),
	('zgfds123', '은찬', 6, 0, '암컷', '레오파드 게코', NULL, '레오파드개코1.jpg', '모름'),
	('sanghyeon1234', '토토', 5, 0, '수컷', '레오파드 게코', NULL, '레오파드개코1.jpg', '모름'),
	('Aveteeon1234', '대박이', 4, 0, '수컷', '레오파드 게코', NULL, '레오파드개코1.jpg', '모름'),
	('seungmu1234', '삐요', 1, 0, '암컷', '드워프햄스터', NULL, '드워프햄스터4.jpg', 'N'),
	('subin1234', '도담이', 7, 11, '수컷', '푸들', NULL, '푸들5.jpg', 'Y'),
	('taehee1234', '레오', 2, 6, '암컷', '코숏턱시도', NULL, '코숏턱시도6.jpg', 'Y');
/*!40000 ALTER TABLE `pet` ENABLE KEYS */;

-- 테이블 vet.reserve 구조 내보내기
CREATE TABLE IF NOT EXISTS `reserve` (
  `RES_SEQ` int(255) NOT NULL AUTO_INCREMENT COMMENT '예약번호',
  `RES_USERS_ID` varchar(20) DEFAULT NULL COMMENT '예약자아이디',
  `RES_HOS_ID` varchar(20) DEFAULT NULL COMMENT '병원아이디',
  `RES_DATE` date NOT NULL COMMENT '예약날짜',
  `RES_TIME` time NOT NULL COMMENT '예약시간',
  `RES_CANCEL` varchar(3) NOT NULL COMMENT '취소여부(N/Y)',
  `RES_NAME` varchar(200) DEFAULT NULL COMMENT '방문자명',
  `RES_CASHDATE` date DEFAULT NULL COMMENT '결제일자',
  PRIMARY KEY (`RES_SEQ`) USING BTREE
) ENGINE=InnoDB AUTO_INCREMENT=116 DEFAULT CHARSET=utf8mb3 COLLATE=utf8mb3_general_ci;

-- 테이블 데이터 vet.reserve:~100 rows (대략적) 내보내기
/*!40000 ALTER TABLE `reserve` DISABLE KEYS */;
INSERT INTO `reserve` (`RES_SEQ`, `RES_USERS_ID`, `RES_HOS_ID`, `RES_DATE`, `RES_TIME`, `RES_CANCEL`, `RES_NAME`, `RES_CASHDATE`) VALUES
	(1, 'jtscb543', 'docteryun', '2023-03-20', '11:30:00', 'N', '이동진', '2023-01-20'),
	(2, 'fwqewda', 'onehos', '2023-03-20', '11:30:00', 'N', '김선찬', '2023-01-20'),
	(3, 'mgdfdf13', 'dulyhos', '2023-03-20', '09:30:00', 'N', '김현희', '2023-01-20'),
	(4, 'bsdzxd123', 'haddenhos', '2023-03-20', '10:30:00', 'Y', '김보란', '2023-01-20'),
	(5, 'gefdf1234', 'suYhos', '2023-03-20', '09:30:00', 'N', '김수아', '2023-01-20'),
	(6, 'gewf1426', 'openhos', '2023-03-20', '09:00:00', 'N', '조영미', '2023-01-20'),
	(7, 'sanghyeon1234', 'healhos', '2023-03-20', '15:30:00', 'N', '한상현', '2023-01-20'),
	(8, 'xzcasd1', 'mypetmedic', '2023-03-20', '09:30:00', 'N', '김수빈', '2023-01-20'),
	(9, 'sejin', 'docteryun', '2023-03-21', '11:30:00', 'N', '조세진', '2023-01-20'),
	(10, 'zxcasd123', 'ganahos', '2023-03-21', '09:30:00', 'N', '김하늘', '2023-01-21'),
	(11, 'rawesa123', 'rucidhos', '2023-03-21', '17:30:00', 'N', '김수진', '2023-01-21'),
	(12, 'st4dbw', 'suYhos', '2023-03-21', '11:30:00', 'N', '이은혜', '2023-01-21'),
	(13, 'jtscb543', 'abchos', '2023-03-21', '11:30:00', 'N', '이동진', '2023-01-21'),
	(14, 'xzdsadsa12', 'oasishos', '2023-03-21', '10:30:00', 'N', '김말자', '2023-01-21'),
	(15, 'subin1234', 'dasomhos', '2023-03-21', '17:30:00', 'N', '박수빈', '2023-01-21'),
	(16, 'dasdsad1234', 'bundang', '2023-03-21', '16:30:00', 'Y', '김승리', '2023-01-21'),
	(17, 'subin1234', 'akhos', '2023-03-21', '09:30:00', 'N', '양소연', '2023-01-25'),
	(18, 'dktneh21', 'sentomhos', '2023-03-21', '16:30:00', 'N', '장승무', '2023-01-21'),
	(19, 'soyeon1234', 'treehos', '2023-03-21', '11:30:00', 'N', '장승무', '2023-01-21'),
	(20, 'seungmu1234', 'healhos', '2023-03-21', '16:30:00', 'N', '김말자', '2023-01-21'),
	(21, 'seungmu1234', 'mayhos', '2023-03-21', '15:30:00', 'N', '윤지원', '2023-01-21'),
	(22, 'xzdsadsa12', 'mypetmedic', '2023-03-21', '14:30:00', 'N', '박수빈', '2023-01-21'),
	(23, 'jiwon1234', 'nurihos', '2023-03-21', '10:00:00', 'N', '김수빈', '2023-01-24'),
	(24, 'subin1234', 'abchos', '2023-03-21', '10:00:00', 'Y', '양소연', '2023-01-21'),
	(25, 'xzcasd1', 'jejuhos', '2023-03-21', '14:00:00', 'N', '김수빈', '2023-01-21'),
	(26, 'soyeon1234', '24global', '2023-03-21', '14:30:00', 'N', '이승희', '2023-02-10'),
	(27, 'xzcasd1', 'bucheanhos', '2023-03-22', '10:00:00', 'N', '김희수', '2023-01-22'),
	(28, 'seunghui1234', 'gohos', '2023-03-22', '10:30:00', 'N', '김수아', '2023-01-28'),
	(29, 'dasdsad1234', 'bucheanhos', '2023-03-22', '10:00:00', 'N', '김수진', '2023-01-22'),
	(30, 'gefdf1234', 'andonghos', '2023-03-22', '11:00:00', 'N', '이은혜', '2023-01-22'),
	(31, 'rawesa123', 'onehos', '2023-03-23', '15:00:00', 'N', '김복순', '2023-01-23'),
	(32, 'st4dbw', 'puhos', '2023-03-23', '16:00:00', 'Y', '강가임', '2023-01-23'),
	(33, 'cczxrw1234', 'oasishos', '2023-03-24', '10:00:00', 'N', '김복순', '2023-01-24'),
	(34, 'asgrfrt43', 'ganahos', '2023-03-24', '11:30:00', 'N', '강가임', '2023-01-24'),
	(35, 'seunghui1234', 'haenhos', '2023-03-24', '16:00:00', 'N', '이승희', '2023-01-24'),
	(36, 'zmsh1234', 'moranhos', '2023-03-24', '16:00:00', 'Y', '김승철', '2023-01-24'),
	(37, 'st4dbw', 'sentomhos', '2023-03-24', '11:00:00', 'N', '이은혜', '2023-01-24'),
	(38, 'soyeon1234', 'abchos', '2023-03-24', '16:00:00', 'N', '양소연', '2023-01-24'),
	(39, 'bsdzxd123', 'songpahos', '2023-03-24', '17:00:00', 'N', '김보란', '2023-01-24'),
	(40, 'taehee1234', 'haddenhos', '2023-03-25', '17:30:00', 'N', '김태희', '2023-01-25'),
	(41, 'sanghyeon1234', 'openhos', '2023-03-25', '14:30:00', 'N', '한상현', '2023-01-25'),
	(42, 'fasddra1234', 'cloverhos', '2023-03-25', '11:00:00', 'N', '심건우', '2023-01-25'),
	(43, 'tewsdf123', 'akhos', '2023-03-26', '15:30:00', 'N', '김지연', '2023-01-28'),
	(44, 'jiyeods', 'bucheanhos', '2023-03-26', '16:00:00', 'N', '이지영', '2023-01-25'),
	(45, 'seungmu1234', 'anyanghos1', '2023-03-26', '10:30:00', 'N', '장승무', '2023-01-26'),
	(46, 'dasd1234', 'mayhos', '2023-03-27', '14:30:00', 'Y', '김말순', '2023-01-28'),
	(47, 'sanghyeon1234', 'barenhos', '2023-03-27', '10:30:00', 'N', '한상현', '2023-01-27'),
	(48, 'fwqewda', 'ganahos', '2023-03-27', '11:00:00', 'N', '김선찬', '2023-01-28'),
	(49, 'chaeun1234', 'joenhos', '2023-03-28', '15:30:00', 'N', '송채은', '2023-01-28'),
	(50, 'soyeon1234', 'goenhos', '2023-03-30', '17:30:00', 'N', '양소연', '2023-02-20'),
	(51, 'subin1234', 'joenhos', '2023-04-16', '12:52:48', 'N', '박수빈', '2023-02-16'),
	(52, 'dasd1234', 'moranhos', '2023-04-10', '12:54:14', 'N', '김말순', '2023-02-05'),
	(53, 'gewf1426', 'puhos', '2023-03-21', '06:06:21', 'N', '조영미', '2023-01-23'),
	(54, 'czrasz123', 'centerhos', '2023-03-30', '19:09:19', 'N', '김유아', '2023-02-16'),
	(55, 'somi1234', 'abchos', '2023-04-17', '18:00:43', 'N', '이소미', '2023-02-15'),
	(56, 'chaeun1234', 'centerhos', '2023-04-02', '04:05:48', 'N', '송채은', '2023-02-05'),
	(57, 'nreq412', 'widthhos', '2023-03-28', '09:42:22', 'N', '김복자', '2023-01-25'),
	(58, 'st4dbw', 'cloverhos', '2023-04-04', '13:36:31', 'N', '이은혜', '2023-01-28'),
	(59, 'kdjnr34', 'viphos', '2023-04-10', '15:09:46', 'N', '이지혜', '2023-02-18'),
	(60, 'mgdfdf13', 'eyeshos', '2023-04-17', '18:43:13', 'N', '김현희', '2023-01-20'),
	(61, 'dasdsad1234', 'vhos', '2023-04-15', '08:18:52', 'N', '김희수', '2023-01-23'),
	(62, 'cczxrw1234', 'happyhos', '2023-04-15', '11:18:38', 'N', '김복순', '2023-02-08'),
	(63, 'vsdrdxz1234', 'mypetmedic', '2023-03-24', '16:43:19', 'N', '이말자', '2023-01-21'),
	(64, 'soyeon1234', 'mayhos', '2023-04-04', '12:15:14', 'N', '양소연', '2023-01-21'),
	(65, 'mgdfdf13', 'docteryun', '2023-04-04', '12:04:10', 'N', '김현희', '2023-01-20'),
	(66, 'sejin', 'ganahos', '2023-03-29', '12:18:48', 'N', '조세진', '2023-02-08'),
	(67, 'czrasz123', 'daonhos', '2023-03-27', '05:48:26', 'N', '김유아', '2023-02-02'),
	(68, 'vuskej54', 'daonhos', '2023-04-15', '10:46:21', 'N', '이민규', '2023-02-05'),
	(69, 'somi1234', 'akhos', '2023-03-30', '21:50:40', 'N', '이소미', '2023-01-28'),
	(70, 'ndydgf123', 'bundang', '2023-04-02', '04:47:42', 'N', '김영지', '2023-02-08'),
	(71, 'xzcasd1', 'onehos', '2023-04-04', '12:26:41', 'N', '김수빈', '2023-01-22'),
	(72, 'cczxrw1234', 'eyeshos', '2023-04-11', '15:49:16', 'N', '김복순', '2023-01-22'),
	(73, 'ndydgf123', 'dasomhos', '2023-03-27', '03:45:12', 'N', '김영지', '2023-01-22'),
	(74, 'mgdfdf13', 'songpahos', '2023-03-26', '02:02:36', 'N', '김현희', '2023-02-11'),
	(75, 'seungmu1234', 'goldpuppy', '2023-04-10', '11:47:18', 'N', '장승무', '2023-01-28'),
	(76, 'tewsdf123', 'akhos', '2023-03-30', '19:20:10', 'N', '김지연', '2023-02-16'),
	(77, 'disna1234', 'gumihos', '2023-04-03', '10:04:42', 'N', '신지연', '2023-02-07'),
	(78, 'sdyfbv43', 'openhos', '2023-04-02', '06:35:11', 'N', '김찬혁', '2023-02-18'),
	(79, 'fasddra1234', 'docteryun', '2023-04-12', '21:19:11', 'N', '심건우', '2023-01-22'),
	(80, 'nreq412', 'jujuhos', '2023-03-28', '10:42:59', 'N', '김복자', '2023-01-28'),
	(81, 'Aeeon1234', 'songpahos', '2023-04-04', '11:51:36', 'N', '해애언', '2023-02-04'),
	(82, 'jiwon1234', 'barenhos', '2023-03-26', '00:01:17', 'N', '윤지원', '2023-01-28'),
	(83, 'st4dbw', 'testhos', '2023-03-29', '13:11:08', 'N', '이은혜', '2023-02-12'),
	(84, 'vuskej54', 'haenhos', '2023-03-25', '20:27:39', 'N', '이민규', '2023-02-10'),
	(85, 'bsdzxd123', 'onehos', '2023-04-04', '13:35:32', 'N', '김보란', '2023-01-28'),
	(86, 'Aeeon1234', 'marihos', '2023-03-23', '12:13:21', 'N', '해애언', '2023-01-26'),
	(87, 'bsdzxd123', 'goldpuppy', '2023-04-17', '15:01:54', 'N', '김보란', '2023-01-28'),
	(88, 'taehee1234', 'onehos', '2023-04-11', '15:49:25', 'N', '김태희', '2023-01-22'),
	(89, 'subin1234', 'alhos', '2023-03-25', '19:18:53', 'N', '박수빈', '2023-02-04'),
	(90, 'xzcasd1', 'suYhos', '2023-03-22', '08:12:49', 'N', '김수빈', '2023-02-03'),
	(91, 'disna1234', 'dulyhos', '2023-04-13', '01:39:57', 'N', '신지연', '2023-02-13'),
	(92, 'boyeong1234', 'haddenhos', '2023-03-26', '00:51:02', 'N', '김보영', '2023-02-04'),
	(93, 'zgfds123', 'testhos', '2023-04-08', '06:12:40', 'N', '조현', '2023-01-28'),
	(94, 'zxcasd123', 'openhos', '2023-03-22', '10:31:24', 'N', '김하늘', '2023-02-16'),
	(95, 'dasd1234', 'docteryun', '2023-04-13', '00:32:48', 'N', '김말순', '2023-02-09'),
	(96, 'cads123', 'dulyhos', '2023-04-15', '06:58:32', 'N', '김말자', '2023-02-14'),
	(97, 'xzdsadsa12', 'vhos', '2023-04-12', '19:52:15', 'N', '김말자', '2023-02-12'),
	(98, 'jtscb543', 'suYhos', '2023-04-09', '08:20:19', 'N', '이동진', '2023-02-09'),
	(99, 'fwqewda', 'treehos', '2023-03-22', '06:54:30', 'N', '김선찬', '2023-01-26'),
	(100, 'jason', 'suYhos', '2023-03-26', '01:59:15', 'N', 'asdfasdf', '2023-02-10'),
	(114, 'sejin', 'acehos', '2023-03-19', '13:00:00', 'N', '김현수', '2023-01-18'),
	(115, 'sejin', 'ganahos', '2023-03-13', '15:00:00', 'N', '조세진', '2023-01-12');
/*!40000 ALTER TABLE `reserve` ENABLE KEYS */;

-- 테이블 vet.review 구조 내보내기
CREATE TABLE IF NOT EXISTS `review` (
  `REV_HOS_SEQ` int(255) NOT NULL AUTO_INCREMENT COMMENT '글번호',
  `REV_TITLE` varchar(300) NOT NULL COMMENT '글제목',
  `REV_USERID` varchar(20) DEFAULT NULL COMMENT '보호자아이디',
  `REV_CONTENT` varchar(2000) NOT NULL COMMENT '내용',
  `REV_DATE` date NOT NULL COMMENT '게시일자',
  `REV_UP` int(11) DEFAULT NULL COMMENT '리뷰추천수',
  `REV_STAR` int(11) DEFAULT NULL COMMENT '별점',
  `REV_PIC` varchar(500) DEFAULT NULL COMMENT '인증사진',
  `REV_REQ` varchar(3) NOT NULL COMMENT '리뷰신고여부(Y/N/B/C)',
  `REV_INFO` varchar(2000) DEFAULT NULL COMMENT '리뷰신고내용',
  `REV_RES_DATE` date NOT NULL COMMENT '예약시간',
  `REV_RES_TIME` time NOT NULL COMMENT '예약시간',
  `REV_RES_SEQ` int(11) NOT NULL COMMENT '예약번호',
  `REV_HOS_ID` varchar(20) DEFAULT NULL COMMENT '병원아이디',
  PRIMARY KEY (`REV_HOS_SEQ`) USING BTREE,
  KEY `REV_USERID` (`REV_USERID`),
  KEY `REV_RES_SEQ` (`REV_RES_SEQ`),
  KEY `REV_HOS_ID` (`REV_HOS_ID`)
) ENGINE=InnoDB AUTO_INCREMENT=44 DEFAULT CHARSET=utf8mb3 COLLATE=utf8mb3_general_ci;

-- 테이블 데이터 vet.review:~37 rows (대략적) 내보내기
/*!40000 ALTER TABLE `review` DISABLE KEYS */;
INSERT INTO `review` (`REV_HOS_SEQ`, `REV_TITLE`, `REV_USERID`, `REV_CONTENT`, `REV_DATE`, `REV_UP`, `REV_STAR`, `REV_PIC`, `REV_REQ`, `REV_INFO`, `REV_RES_DATE`, `REV_RES_TIME`, `REV_RES_SEQ`, `REV_HOS_ID`) VALUES
	(1, '가본 병원중에 제일 좋아요.', 'Aeeon1234', '과잉진료없고 꼭 필요한것은 말씀주시고, 같은 24시간인데 어느 병원처럼 병원비만 비싼곳보다 100배 천배나음.  외과과장님 너무 감사합니다. 이번에 구조한 아깽이 수술도 너무 잘해주셔서 보행에 문제없이 건강하게 크게됬어요.\r\n', '2023-05-21', 0, 5, NULL, 'B', NULL, '2023-04-04', '11:51:36', 81, 'songpahos'),
	(2, '감사합니다 정말..', 'Aeeon1234', '근 5년동안 피부병인줄 알고 피부약만 오랜시간 먹어왔는데 이번에 여기서 건강검진 받고 추가 검사에서 갑상선 호르몬질환 발견했어요.. 털도 많이 빠지고 각질도 심하게 날렸었는데 호르몬 약 먹은지 한달차, 각질은 거의 사라지고 털이 숭숭 빠졌던 부위는 조금씩 새 털들이 자라고있어요 ㅠㅠ 감동입니다.. 덕분에 울 애기 삶의 질이 향상했어요 ㅠㅠㅠ 사랑해요 비타민..ㅠㅠㅠ\r\n', '2023-05-21', 0, 5, NULL, 'B', NULL, '2023-03-23', '12:13:21', 86, 'marihos'),
	(5, ' 남아를 키우고 있습니다', 'mgdfdf13', '진료도 꼼꼼하게봐주시고 친절하시네요\r\n아이도 두려움없이 잘 오구요\r\n', '2023-05-21', 0, 5, NULL, 'B', NULL, '2023-03-20', '09:30:00', 3, 'dulyhos'),
	(6, '감사합니다 친절하시네요', 'mgdfdf13', '친절과 서비스가 훌륭합니다.\r\n울 장군이 입과 다리 수술받은곳.', '2023-05-21', 0, 5, NULL, 'B', NULL, '2023-04-17', '18:43:13', 60, 'eyeshos'),
	(7, '넘넘 고맙고 감사해요', 'bsdzxd123', '똘이가 갑자기 아파 ‥여기저기 ‥범백이라‥딴아가들 감염때문에 입원 불가라고‥여긴 격리실있어 6일째 입원. 치료 중~~~원장님과 선생님들이 잘해주셔서 퇴원해도 된다네요‥넘넘 고맙고 감사합니다~\r\n', '2023-05-21', 1, 5, NULL, 'B', NULL, '2023-03-20', '10:30:00', 4, 'haddenhos'),
	(8, '시설도 좋고 잘 봅니다.', 'bsdzxd123', '우리집 강쥐가 피부병이 심했는데 비타민에서 치료 받고 많이 좋아졌어요. 다른 곳에서는 못 고친다고 했는데.\r\n시설도 좋고 잘 봅니다.', '2023-05-21', 0, 5, NULL, 'B', NULL, '2023-03-24', '17:00:00', 39, 'songpahos'),
	(9, '자주자주방문하는곳', 'bsdzxd123', '친절하고 깔끔한 동물병원~! 병원가는 느낌보다는 동네잠깐 마실가는 느낌이예요!', '2023-05-21', 0, 5, NULL, 'B', NULL, '2023-04-04', '13:35:32', 85, 'onehos'),
	(10, '어이가없네요 정말', 'subin1234', '겉만 번드르하지 실력이 없네요. 우리 강아지가 수술받고 일주일째 설사 중인데 문제 해결을 못하더군요.', '2023-05-21', 0, 1, '푸들2.jpg', 'N', '추후에 상담을 통해 분쟁해결하였습니다. 반려 부탁드립니다.', '2023-03-21', '17:30:00', 15, 'dasomhos'),
	(11, '한번 읽어보세요', 'subin1234', '예약제 운영이고 진료비 저렴한데 진찰은 무난하게 해줍니다. 근데 의사고 직원이고 불친절한 편이에요. 특히 의사분 말투가 쏘아붙이는 듯한 말투에다가, 묻는 말에 ox만 듣고 싶어하는 타입. 사정설명은 잘 귀담아 듣지도 않고요. 같이 간 저희 엄마가 이것저것 물어보니까 귀찮아하는 태도에 기분이 안좋았어요. 사람과의 원만한 소통법을 잘 모르시는듯.. 그래도 동물병원 의사니까 동물들에게는 친절해서 다행이네요. 방문계획이 있다면 친절은 기대하지 마세요.\r\n', '2023-05-21', 5, 1, '푸들6.jpg', 'N', '부적합한 평점으로 판단되어 신고합니다.', '2023-03-21', '09:30:00', 17, 'akhos'),
	(12, '우너장님 제외하고는...', 'subin1234', '아~여긴 정말 윈장님이 짱인듯~그렇게 불친절해요~하는말마다 쫌 오쁘게 말을 않해요~우리 아기 병도 못고치고 촉오야~', '2023-05-21', 0, 1, NULL, 'N', '더욱 더 좋은 서비스로 보답하려고 합니다.', '2023-04-16', '12:52:48', 51, 'joenhos'),
	(13, '매우 친절하시고 꼼꼼히 챙겨주십니다', 'subin1234', '선생님이 매우 친절하시고 꼼꼼히 챙겨주십니다', '2023-05-21', 0, 4, '말티즈3.jpg', 'B', NULL, '2023-03-21', '10:00:00', 24, 'abchos'),
	(14, '좋아아요', 'subin1234', '은비,까비가 다니는 병원이예요 좋아요', '2023-05-21', 0, 4, '푸들4.jpg', 'B', NULL, '2023-03-25', '19:18:53', 89, 'alhos'),
	(15, '여기가 진짜', 'dasdsad1234', '앨리스원장님 진짜 좋음..위생신경쓰고, 친절진료하시고, 간호사쌤도 좋음. 무엇보다 진료비 많이 안비싸게 부담 덜 느끼게 신경 많이 써주십니다..', '2023-05-21', 0, 5, NULL, 'B', NULL, '2023-03-21', '16:30:00', 16, 'bundang'),
	(16, '감사해요', 'dasdsad1234', '노령견 관리를 못해줘서 치매가 온 줄도 몰랐네요. 선생님이 문진과 함께 설명을 자세히 해 주셔서 이해가 되었습니다.', '2023-05-21', 0, 5, NULL, 'B', NULL, '2023-03-22', '10:00:00', 29, 'bucheanhos'),
	(17, '브이동물병원짱', 'dasdsad1234', '친절하시고 자세한 설명과 섬세한 치료까지 ^^\r\n시설만 좋은 병원들과는 전혀 다릅니다!', '2023-05-21', 0, 5, NULL, 'N', NULL, '2023-04-15', '08:18:52', 61, 'vhos'),
	(18, '좋아요', 'cczxrw1234', '원장님 정말 꼼꼼하시고 친절하시죠^^', '2023-05-21', 0, 5, NULL, 'N', '신고이유 부적합하여 반려 부탁드려요', '2023-03-24', '10:00:00', 33, 'oasishos'),
	(19, '거품없이 친절해요', 'cczxrw1234', '거품없이 친절해요', '2023-05-21', 0, 5, NULL, 'B', NULL, '2023-04-15', '11:18:38', 62, 'happyhos'),
	(20, '그냥 좋음', 'cczxrw1234', '애완동물은 처음이라 다른 병원들을 몰라 비교는 힘들어요.\r\n친절하고 좋은데 가격은 조금 부담이 되는데 다른 곳과 비교가 안돼서 상대적으로 비싼지는 모르겠습니다.', '2023-05-21', 0, 4, NULL, 'B', NULL, '2023-04-11', '15:49:16', 72, 'eyeshos'),
	(21, '필요한 진료만 깔끔하게 잘 해주심.', 'vuskej54', '서비스 매우 친절. 접근성 굿. 궁물 다 답변해주심. 6살 토끼 여름에 개복 중성화••• 예후 굿. 건강하다고 나중에 이빨만 자세히 보자고, 필요한 진료만 깔끔하게 잘 해주심.\r\n', '2023-05-21', 0, 5, NULL, 'N', '신고합니다', '2023-04-15', '10:46:21', 68, 'daonhos'),
	(22, '헤헤 ', 'vuskej54', '친절하고 좋은 실력까지 갖춘 몇안되는 안심 병원입니다. 울 야옹이들 안심하고 키워요^^\r\n', '2023-05-21', 0, 4, NULL, 'B', NULL, '2023-03-25', '20:27:39', 84, 'haenhos'),
	(23, '넘넘 고맙고 감사해요', 'cads123', '저희 두부 세심하게 잘 봐 주셔서 진심으로 감사드립니다 수의사선생님과 간호사 쌤들도 정말 친절하세요 추천합니다!!\r\n', '2023-05-21', 0, 5, NULL, 'B', NULL, '2023-04-15', '06:58:32', 96, 'dulyhos'),
	(24, '친절해요', 'disna1234', '새벽 응급으로 갔는데, 상당히 친절합니다. 응급 진료비는 33,000원 입니다..\r\n', '2023-05-21', 0, 5, NULL, 'B', NULL, '2023-04-03', '10:04:42', 77, 'gumihos'),
	(25, '다들 알꺼임', 'disna1234', '친절 하고 정확하고\r\n다른병원 다녀본 분들은 아실 겁니다\r\n여기의 의료 비용이 얼마라 저렴한지를요 ㅎ', '2023-05-21', 0, 5, NULL, 'B', NULL, '2023-04-13', '01:39:57', 91, 'dulyhos'),
	(26, '휴 다행', 'fasddra1234', '과잉진료없이 꼼꼼히 잘 봐주세요~ 주변 지인분이 칭찬하셔서 다른 병원에 항상 봐주시던 선생님이 안계셔서 옮기게 됐는대 만족스럽습니다\r\n', '2023-05-21', 0, 5, NULL, 'B', NULL, '2023-03-25', '11:00:00', 42, 'cloverhos'),
	(27, '감사합니다 윤짱', 'fasddra1234', '조용한 시간에 가서 그런지 집에 다른고양이 궁금한 부분도 친절히 조언해주셨어요 시간을 넘 뺏은게 아닐지 죄송했는데 편하게 상담해주셔서 고마웠습니다\r\n무엇보다 고양이가 선생님을 심하게 거부하지 않아 다행스러웠어요 가벼운 감기증상이라 진료에 대한부분은 평가가 어렵지만 병원찾으며 고심하고 검색해서 결정하고 첫방문했는데 선생님에 대한 느낌이 좋았습니다\r\n집에서 좀 멀지만 계속 여기 다니고 싶습니다\r\n', '2023-05-21', 0, 5, NULL, 'B', NULL, '2023-04-12', '21:19:11', 79, 'docteryun'),
	(28, '이야아', 'taehee1234', '집앞에 24시간 병원이 있어 굉장히 편합니다. 선생님들하고 스탭분들도 다 친절합니다\r\n', '2023-05-21', 0, 5, '앵무새2.jpg', 'B', NULL, '2023-03-25', '17:30:00', 40, 'haddenhos'),
	(29, '여기는 인정', 'taehee1234', '거친 길생활의 후유증으로 잦은 수술 끝에 시청각 장애까지 가지게 된 우리 둘째냥이, 선천적 신장이상까지 발견되어 낙담하고 있었는데 이*용 원장님의 조언이 큰 힘이 되었습니다.\r\n치료 후 둘째는거짓말같이.건강해져서 댕댕이랑 투닥투닥 장난도 치고 온 집안을 우다다다 뛰어다닙니다. 정말 감사드려요.\r\n', '2023-05-21', 0, 5, '앵무새3.jpg', 'B', NULL, '2023-04-11', '15:49:25', 88, 'onehos'),
	(30, '청담점 감사해요', 'kdjnr34', '우리집 반려견이 소장에 염증이 많이 생겨서 계속 토하고 피똥싸고 해서 4일간 입원을 하게되었습니다. 매일 병문안을 가고 슬퍼하고 사람과 똑같은것 같네요. 약물치료하고 치료용 습식사료 먹이고 하여 퇴원하였습니다. 친절하고 매일 사진과 경과에 대한 자세한 정보를 톡으로 보내줘서 안심할수 있었습니다. 감사합니다. 앞으로도 계속해서 반려동물을 잘치료해 주시기 바랍니다.\r\n', '2023-05-21', 0, 5, NULL, 'N', NULL, '2023-04-10', '15:09:46', 59, 'viphos'),
	(31, '어이가없네요 정말', 'seungmu1234', '최고. 친절하고 기본관리 서비스로 다해주시고 평일인데도 아이들이많더라구요 만족이예요^^ 병원에서즉석사진도찍어서서물해주셨어요♡\r\n', '2023-05-21', 0, 5, '드워프햄스터2.jpg', 'B', NULL, '2023-03-21', '16:30:00', 20, 'healhos'),
	(32, '여기가 진짜에요^^', 'seungmu1234', '햄스터가 갑자기 아파서 갔는데 응급으로 바로수술 해주셨어요~회복될때까지 잘 캐어해주시고 선생님들이 모두 친절하십니다.다만 주차가 불편하였습니다.\r\n', '2023-05-21', 0, 5, '드워프햄스터4.jpg', 'B', NULL, '2023-03-26', '10:30:00', 45, 'anyanghos1'),
	(33, '짱짱짱', 'seungmu1234', '울콩이 주치의 나무 원장님이시죠 친철하시구 잘봐주시고 넘고마워요\r\n', '2023-05-21', 0, 4, '드워프햄스터3.jpg', 'N', '신고부당', '2023-03-21', '15:30:00', 21, 'mayhos'),
	(34, '강츄강츄 가격은 하하', 'jtscb543', '우리 강쥐가 피부염이 아주 너무 을심해서 병원을 다닌후 완전히 다 나았어요 강츄~ 강츄~\r\n', '2023-05-21', 0, 3, NULL, 'C', NULL, '2023-04-09', '08:20:19', 98, 'suYhos'),
	(35, '꼼꼼해요', 'st4dbw', '강아지 안검염으로 진료를 봤는데 여자원장님께서 설명 엄청 꼼꼼하게 해주시고(의학적인 부분을 일반인도 알기쉽게) 친절하세요 한번 진료보고 믿음이 팍팍 가더라구요 분당 판교쪽 동물병원 여러군데 가봤는데 대구에서 경기도쪽 이사온지 3년만에 마음에 드는 동물병원을 알게된거같네요\r\n', '2023-05-21', 0, 5, NULL, 'B', NULL, '2023-04-04', '13:36:31', 58, 'cloverhos'),
	(36, '나쁘지 않아요 다만...', 'soyeon1234', '친절하고 병원 시설도 좋고 다 좋지만 그만큼 가격은 싸진 않아요 +-+ 중성화 하고 오셔서 고단\r\n', '2023-05-21', 0, 3, '스피치7.jpg', 'C', NULL, '2023-03-21', '11:30:00', 19, 'treehos'),
	(37, '그냥 좋은거같아요', 'soyeon1234', '애완동물은 처음이라 다른 병원들을 몰라 비교는 힘들어요.\r\n친절하고 좋은데 가격은 조금 부담이 되는데 다른 곳과 비교가 안돼서 상대적으로 비싼지는 모르겠습니다.', '2023-05-21', 0, 5, '닥스훈트2.jpg', 'B', NULL, '2023-03-21', '14:30:00', 26, '24global'),
	(38, '감사합니다 정말..', 'mgdfdf13', '굉장히 꼼꼼히 진료해주십니다. 스태프님도 항상 친절하시고 괜찮아요. 관리가 필요한 지병있는 친구들에게 특히 더 잘 맞는 병원일 듯 합니다. 환자를 신중하고 세심히 다뤄주신다는 느낌입니다.\r\n', '2023-05-21', 0, 5, NULL, 'N', 'ㅁㄴㅇㄻㄴㅇㅁㄴㅇㄹ', '2023-04-04', '12:04:10', 65, 'docteryun'),
	(43, 'iiiiiiiiiiiiiiiii', 'somi1234', 'fdgkdfjgisodms,dncusidhfgsd', '2023-06-10', 0, 3, 'discord_backup_codes.txt', 'B', NULL, '2023-04-17', '18:00:43', 55, 'abchos');
/*!40000 ALTER TABLE `review` ENABLE KEYS */;

-- 테이블 vet.thumbsup 구조 내보내기
CREATE TABLE IF NOT EXISTS `thumbsup` (
  `UP_REV_SEQ` int(11) DEFAULT NULL COMMENT '리뷰번호',
  `UP_USERS_ID` varchar(100) DEFAULT NULL COMMENT '추천한아이디',
  `UP_REV_USERSID` varchar(100) DEFAULT NULL COMMENT '리뷰작성자'
) ENGINE=InnoDB DEFAULT CHARSET=utf8mb4 COLLATE=utf8mb4_general_ci;

-- 테이블 데이터 vet.thumbsup:~0 rows (대략적) 내보내기
/*!40000 ALTER TABLE `thumbsup` DISABLE KEYS */;
/*!40000 ALTER TABLE `thumbsup` ENABLE KEYS */;

-- 테이블 vet.users 구조 내보내기
CREATE TABLE IF NOT EXISTS `users` (
  `USERS_ID` varchar(20) NOT NULL COMMENT '아이디',
  `USERS_NAME` varchar(200) NOT NULL COMMENT '이름',
  `USERS_PW` varchar(200) DEFAULT NULL COMMENT '비밀번호',
  `USERS_TEL` varchar(12) DEFAULT NULL COMMENT '연락처',
  `USERS_EMAIL` varchar(50) DEFAULT NULL COMMENT '이메일(아이디)',
  `USERS_EMAIL2` varchar(50) DEFAULT NULL COMMENT '이메일(사이트)',
  `USERS_ADDR` varchar(1000) DEFAULT NULL COMMENT '우편번호',
  `USERS_ADDR2` varchar(1000) DEFAULT NULL COMMENT '도로명주소',
  `USERS_ADDR3` varchar(1000) DEFAULT NULL COMMENT '지번주소',
  `USERS_ADDR4` varchar(1000) DEFAULT NULL COMMENT '상세주소',
  `USERS_ADDR5` varchar(1000) DEFAULT NULL COMMENT '참고항목',
  `USERS_PICK1` varchar(20) DEFAULT NULL COMMENT '병원찜1',
  `USERS_PICK2` varchar(20) DEFAULT NULL COMMENT '병원찜2',
  `USERS_PICK3` varchar(20) DEFAULT NULL COMMENT '병원찜3',
  `USERS_PICK4` varchar(20) DEFAULT NULL COMMENT '병원찜4',
  `USERS_PICK5` varchar(20) DEFAULT NULL COMMENT '병원찜5',
  `USERS_ROLE` varchar(20) DEFAULT 'USER' COMMENT '역할',
  `USERS_NEW_DATE` date DEFAULT NULL COMMENT '가입일자',
  `USERS_DEL` varchar(3) DEFAULT 'N' COMMENT '탈퇴여부',
  `USERS_DEL_DATE` date DEFAULT NULL COMMENT '탈퇴일자',
  PRIMARY KEY (`USERS_ID`)
) ENGINE=InnoDB DEFAULT CHARSET=utf8mb3 COLLATE=utf8mb3_general_ci;

-- 테이블 데이터 vet.users:~50 rows (대략적) 내보내기
/*!40000 ALTER TABLE `users` DISABLE KEYS */;
INSERT INTO `users` (`USERS_ID`, `USERS_NAME`, `USERS_PW`, `USERS_TEL`, `USERS_EMAIL`, `USERS_EMAIL2`, `USERS_ADDR`, `USERS_ADDR2`, `USERS_ADDR3`, `USERS_ADDR4`, `USERS_ADDR5`, `USERS_PICK1`, `USERS_PICK2`, `USERS_PICK3`, `USERS_PICK4`, `USERS_PICK5`, `USERS_ROLE`, `USERS_NEW_DATE`, `USERS_DEL`, `USERS_DEL_DATE`) VALUES
	('Aeeon1234', '해애언', '$2a$10$/FNa5UJ1VU2M09v1NiOS0ubSbin.g9CzXknWE7doYRTnRXLOFkor2', '01013563456', 'bdsfadsa', '@gmail.com', '06521', '서울 서초구 잠원로 60', '서울 서초구 잠원동 160', '405호', ' (잠원동, 신반포자이)', NULL, NULL, NULL, NULL, NULL, 'USER', '2023-05-17', 'N', NULL),
	('anize14', 'json', '$2a$10$.5CDV.mTi4m9CcHRMlgHLOXc4uBDVwkO7kuqLqhJ4l6lbQmayb4HO', '01010293847', '33vda', '@naver.com', '21994', '인천 연수구 컨벤시아대로 43', '인천 연수구 송도동 2-1', '102호', ' (송도동)', NULL, NULL, NULL, NULL, NULL, 'USER', '2022-07-18', 'N', NULL),
	('asgrfrt43', '강가임', '$2a$10$GMAdsIDAYrVDGo3j43LU..F0l9XHoebLgXsFD8ltAOGbeEanu5hZq', '01008761432', 'jdtsf53', '@naver.com', '03007', '서울 종로구 평창문화로 5-2', '서울 종로구 신영동 29-5', '97호', ' (신영동)', NULL, NULL, NULL, NULL, NULL, 'USER', '2021-09-18', 'N', NULL),
	('boyeong1234', '김보영', '$2a$10$KS/FbJ4zDieyPLpGWZzsrO5mDxnemgpty18Sb0rshBGJfxU86KjVi', '01043219743', 'gsdfds23', '@gmail.com', '06509', '서울 서초구 반포대로 310-6', '서울 서초구 잠원동 162', '302호', ' (잠원동, 반포센트럴자이)', NULL, NULL, NULL, NULL, NULL, 'USER', '2022-08-19', 'N', NULL),
	('bsdzxd123', '김보란', '$2a$10$NXgVKvs7VaDZCGX9Klm45u9lApkNp/VTIYu0PMP8OAzbCG.RunYLm', '01014325432', '4fd543', '@naver.com', '05237', '서울 강동구 아리수로 46', '서울 강동구 암사동 445-15', '', ' (암사동)', NULL, NULL, NULL, NULL, NULL, 'USER', '2022-06-26', 'N', NULL),
	('cads123', '김말자', '$2a$10$CbN8NmFKMr0II7gcDCybqeOeMZT1W2sRJYk0lM77.uWF7bXcgyJGm', '01012365432', 'dbtrr343', '@daum.net', '03101', '서울 종로구 낙산성곽길 2', '서울 종로구 창신동 697-3', '102호', ' (창신동)', NULL, NULL, NULL, NULL, NULL, 'USER', '2020-03-25', 'N', NULL),
	('cczxrw1234', '김복순', '$2a$10$yFefGg2ck0X4a3ZHsHH2l.ae6c.BimeU3BC74o3YjnlYFvcA0ETRi', '01094501234', 'csadsasa', '@daum.net', '41812', '대구 서구 큰장로 33', '대구 서구 내당동 1105-2', '222호', ' (내당동)', NULL, NULL, NULL, NULL, NULL, 'USER', '2021-07-18', 'N', NULL),
	('chaeun1234', '송채은', '$2a$10$PLD59foi5PA6ykVVCgukXuPTDQhV/FSC26Dou87H3r.Vv..s3KDGe', '01024682433', 'hgjhfhf', '@daum.net', '07710', '서울 강서구 강서로41길 70', '서울 강서구 화곡동 1038-19', '1078호', ' (화곡동, 시그니엘6)', NULL, NULL, NULL, NULL, NULL, 'USER', '2023-05-17', 'N', NULL),
	('cksdl1234', '김선찬', '$2a$10$0Tp7lhFvrRHgrbFk5YziSuOEfsHbcZ1B48GXnElo6mc5mmA/4CiJK', '01099501932', 'cksddd', '@naver.com', '08275', '서울 구로구 안양천로 545', '서울 구로구 고척동 66-47', 'd', ' (고척동)', NULL, NULL, NULL, NULL, NULL, 'USER', '2023-05-19', 'N', NULL),
	('cksdl12345', '김선찬', '$2a$10$jGqgm1pwlU.c5Wo0HD3d2.qXAeE.K/AcRUiAetLIcIdgrPzX95et2', '01099501933', 'cksdl2000', NULL, '48060', '부산 해운대구 APEC로 30', '부산 해운대구 우동 1413-4', '', ' (우동)', NULL, NULL, NULL, NULL, NULL, 'USER', '2022-05-20', 'N', NULL),
	('czrasz123', '김유아', '$2a$10$Zf3l/B.zvBeIZRxCGr1yMO8FvBOZWpbEPphdVJWg29mj6/dIRZ6pu', '01076341234', 'bsdfs123', '@naver.com', '03098', '서울 종로구 낙산성곽서길 5', '서울 종로구 종로6가 12-6', '', ' (종로6가)', NULL, NULL, NULL, NULL, NULL, 'USER', '2022-11-17', 'N', NULL),
	('dasd1234', '김말순', '$2a$10$6y738Z29CIf4.kMMIOFETOjYHjVf3MwLievmZddzt7BHbwQX6002i', '01099521234', 'ckddd', '@daum.net', '04117', '서울 마포구 굴레방로 1', '서울 마포구 아현동 270-1', '102호', ' (아현동)', NULL, NULL, NULL, NULL, NULL, 'USER', '2021-05-19', 'N', NULL),
	('dasdsad1234', '김희수', '$2a$10$OUOjk5dW8flFruwkJ4VO8O9.Wo.1ifkv1NL9ztsv/ACKrAIHeMoxK', '01014560987', 'gdasdsa', '@naver.com', '08789', '서울 관악구 낙성대로 2', '서울 관악구 봉천동 1662-36', '102호', ' (봉천동)', NULL, NULL, NULL, NULL, NULL, 'USER', '2023-05-18', 'N', NULL),
	('dawoon1234', '윤다운', '$2a$10$6xA/GMjQJEFdmk27abSOBuGpeGIsSlBMXK5cP2HhgnsASQOzO.3gi', '01085641039', 'xjerre', '@daum.net', '07766', '서울 강서구 월정로28가길 13-19', '', '975호', ' (화곡동, 시그니엘)', NULL, NULL, NULL, NULL, NULL, 'USER', '2023-05-17', 'N', NULL),
	('disdlj1234', '박용택', '$2a$10$Law104Ft8rPnioA.a7iWAOJA.IlZLcu/LIUY5jbMCdNnnmFZS8vUS', '01029574958', '789456', '@naver.com', '12501', '경기 양평군 서종면 잠실1길 16-30', '경기 양평군 서종면 도장리 245-29', '123호', '', NULL, NULL, NULL, NULL, NULL, 'USER', '2020-05-13', 'N', NULL),
	('disna1234', '신지연', '$2a$10$ShNlfkpcpq/AIi5ij/S1leOu77TqA7bJHUuAcA6elsutRcsohBZYC', '01012359876', 'dsaga443', '@naver.com', '01899', '서울 노원구 광운로 4-5', '서울 노원구 월계동 472-31', '', ' (월계동, 현대빌라)', NULL, NULL, NULL, NULL, NULL, 'USER', '2021-05-10', 'N', NULL),
	('dktneh21', '김승리', '$2a$10$siQYU80WcoNkAjGfNSvIEOYZ5JDExPRJbJbFqze3H5Qme/oUmqMsy', '01094301933', 'mgfg5454', '@naver.com', '22764', '인천 서구 크리스탈로 46', '', '', ' (청라동)', NULL, NULL, NULL, NULL, NULL, 'USER', '2023-05-30', 'N', NULL),
	('fasddra1234', '심건우', '$2a$10$k65.iInO.p2YXNWd1cwrZeWz.W7F1sdIft.4z9W.irNSRjBuW7llS', '01094531432', 'sdfsds4', '@naver.com', '46729', '부산 강서구 가달1로 7', '부산 강서구 생곡동 1598-1', '', ' (생곡동)', NULL, NULL, NULL, NULL, NULL, 'USER', '2023-05-18', 'N', NULL),
	('fwqewda', '김선찬', '$2a$10$NOx2Wg4BcgYRM2pkV4ZYBOxP6Iq2/SR8VcOmTMPE/FBp3nbzvpwvC', '01099514567', 'dsadsa', '@daum.net', '03060', '서울 종로구 북촌로1길 9', '서울 종로구 안국동 133', '', ' (안국동)', NULL, NULL, NULL, NULL, NULL, 'USER', '2023-03-09', 'N', NULL),
	('gefdf1234', '김수아', '$2a$10$SrtHnZCBZQWfURrnyAf/f.Y5NJikhb4YBFf6SjUAJbPm04PM6IfNO', '01050541342', 'fsdh54', '@naver.com', '06167', '서울 강남구 테헤란로87길 29', '', '201호', ' (삼성동)', NULL, NULL, NULL, NULL, NULL, 'USER', '2019-08-24', 'N', NULL),
	('gewf1426', '조영미', '$2a$10$NlJGF5k7Qb06Rx71v3GZI.AdKhd8M.JQDlA6YvUTIdcuTkB9B5fXy', '01012346754', 'cksddd', '@gmail.com', '03085', '서울 종로구 낙산길 3-4', '서울 종로구 동숭동 130-45', '102호', ' (동숭동)', NULL, NULL, NULL, NULL, NULL, 'USER', '2023-05-09', 'N', NULL),
	('hyeonmin1234', '오현민', '$2a$10$76Wtd5.yij26OVAFZ.QeAuChnO4ksn1u7isCjDJYYguAAG41gf2gO', '01093760987', 'xzras44', '@daum.net', '06521', '서울 서초구 잠원로 60', '서울 서초구 잠원동 160', '476호', ' (잠원동, 신반포자이)', NULL, NULL, NULL, NULL, NULL, 'USER', '2023-05-17', 'N', NULL),
	('jason', 'asdfasdf', '$2a$10$1yoTpBEwNw1AbruWOW3B9.2scHrKUzfQgtkmcOknqCKdsfuPdaQ8.', '01122222222', 'sssss', '@gmail.com', '02830', '서울 성북구 아리랑로 3', '', 'sss', ' (동소문동6가)', NULL, NULL, NULL, NULL, NULL, 'SUPERADMIN', '2023-05-08', 'N', NULL),
	('jiwon1234', '윤지원', '$2a$10$Dn1rODSoxSBprSex/6IbUOYQHdOaWMc1jVgDQC6eWj9syfpi8DawS', '01028492653', 'bsfasfz2', '@daum.net', '07710', '서울 강서구 강서로41길 70', '서울 강서구 화곡동 1038-19', '274호', ' (화곡동, 시그니엘6)', NULL, NULL, NULL, NULL, NULL, 'USER', '2022-10-17', 'N', NULL),
	('jiyeods', '이지영', '$2a$10$yO8KQqiu/.YGZntVajNBG.nGshPXhDlFG/sK8MSkcJE/prCo3jymO', '01045327654', 'dsads142', '@naver.com', '13473', '경기 성남시 분당구 경부고속도로 409', '경기 성남시 분당구 삼평동 421', '1095호', ' (삼평동)', NULL, NULL, NULL, NULL, NULL, 'USER', '2021-07-19', 'N', NULL),
	('jtscb543', '이동진', '$2a$10$EII18HLPSUe6.1dIHvjcNeaXThBBaXORYVJLJDFk0NPbXB4ApELES', '01025780543', 'dfsd2543', '@naver.com', '13545', '경기 성남시 분당구 안양판교로 806-6', '경기 성남시 분당구 운중동 432', '', ' (운중동)', NULL, NULL, NULL, NULL, NULL, 'USER', '2021-05-19', 'N', NULL),
	('kdjnr34', '이지혜', '$2a$10$owslSOzO6oyf3hlxPqb4Cuzer9jojmXX1NmW3ouQAUuB5g5BcCntO', '01099501652', 'ck234a', '@naver.com', '05502', '서울 송파구 잠실로 24', '서울 송파구 잠실동 22-2', '102', ' (잠실동)', NULL, NULL, NULL, NULL, NULL, 'USER', '2022-12-18', 'N', NULL),
	('kekeke', 'segene cho', '$2a$10$JOQm8QIocKLG3srOxWlLkuSxzq.4U4enGlfAs0XKrK0WpJx09tFKu', 'sdfdddddddd', 'segene99', NULL, '05768', '서울 송파구 거마로 4', '서울 송파구 거여동 37-6', '412754', ' (거여동)', NULL, NULL, NULL, NULL, NULL, 'USER', '2023-06-03', 'N', NULL),
	('mgdfdf13', '김현희', '$2a$10$KMfTjd0TKHcdkk5X8sUnXuK6vWvJIlJbxutR4domPDuP/HP3uroPW', '01099501234', 'cdht543', '@naver.com', '06097', '서울 강남구 선릉로116길 6', '서울 강남구 삼성동 35-19', '', ' (삼성동)', NULL, NULL, NULL, NULL, NULL, 'USER', '2023-02-18', 'N', NULL),
	('ndydgf123', '김영지', '$2a$10$U3dWKmN6/F4wiHM6wSIvUOrMrquTmJyb6g0QbW6xWKN67AkVHfn9G', '01076541094', 'dsadas4123', '@naver.com', '03098', '서울 종로구 낙산성곽서길 5', '서울 종로구 종로6가 12-6', '1095호', ' (종로6가)', NULL, NULL, NULL, NULL, NULL, 'USER', '2021-05-28', 'N', NULL),
	('nreq412', '김복자', '$2a$10$iKJDzUtQHbOfAtp6WTzIE.DL196UhqFsMb5.1ror.rh5gq3nCve0i', '0109123654', 'dassd', '@daum.net', '02581', '서울 동대문구 안암로 6', '', '1102호', ' (신설동)', NULL, NULL, NULL, NULL, NULL, 'USER', '2022-09-18', 'N', NULL),
	('rawesa123', '김수진', '$2a$10$aFe4FiuDEmbRhvWirqN50eoAPFTDNxXBtIRjd.MVMcbIbdwh81VHW', '01075451234', 'hdftt54', '@naver.com', '41930', '대구 중구 큰장로 32', '', '102', ' (대신동)', NULL, NULL, NULL, NULL, NULL, 'USER', '2021-03-24', 'N', NULL),
	('sanghyeon1234', '한상현', '$2a$10$rAIdxjnNcQFidskV9lS9iuUM5uHQKGhXhh1fFgGmssS9EMZOqF2j.', '01065196351', 'hsdr52', '@gmail.com', '06509', '서울 서초구 반포대로 310-6', '서울 서초구 잠원동 162', '2098호', ' (잠원동, 반포센트럴자이)', NULL, NULL, NULL, NULL, NULL, 'USER', '2023-05-15', 'N', NULL),
	('sdyfbv43', '김찬혁', '$2a$10$TAq8V2WuHkWBkqPoGYJrg.vPQpKd/pUIKZh6erjoUwmwfdy6cs.dm', '01092436542', 'ffdf54', '@naver.com', '12465', '경기 가평군 설악면 신천중앙로 136', '경기 가평군 설악면 신천리 464-3', '102호', '', NULL, NULL, NULL, NULL, NULL, 'USER', '2020-08-18', 'N', NULL),
	('sejin', 'segene cho', '$2a$10$tPYhVB7AMaRY5RoHAb4tZuzypv8X3IsoWeaev45upN/bdnnYIY50W', '01037544175', 'dsada', '@gmail.com', '07710', '서울 강서구 강서로41길 70', '서울 강서구 화곡동 1038-19', '243호', ' (화곡동, 시그니엘6)', 'acehos', 'akhos', 'alhos', NULL, NULL, 'USER', '2023-05-17', 'N', NULL),
	('seonghyun1234', '정성현', '$2a$10$mGhFIAU8A/5w.iCkGj6pU.62FA/DIIM4PexgFXe6rZMbK005.5xSK', '01032145432', 'dasgars', '@gmail.com', '06544', '서울 서초구 잠원로 24', '서울 서초구 반포동 20-45', '102호', ' (반포동)', NULL, NULL, NULL, NULL, NULL, 'USER', '2023-05-10', 'N', NULL),
	('seunghui1234', '이승희', '$2a$10$kVUFM5lIi4xWBCjAGHKuROQrDc51Q7senYUtsdCV/E4IrTfUJkEnq', '01024652345', 'vzxd23', '@gmail.com', '06544', '서울 서초구 신반포로 270', '서울 서초구 반포동 20-43', '201호', ' (반포동, 반포자이아파트)', NULL, NULL, NULL, NULL, NULL, 'USER', '2020-01-20', 'N', NULL),
	('seungmu1234', '장승무', '$2a$10$F7r/fdDN3fLDYDx2espk7u6FvgFR2PLL1oU61oihRGKvyPK5PYBue', '01054325643', 'asdase213', '@naver.com', '42260', '대구 수성구 고모로 32', '대구 수성구 가천동 559-1', '102호', ' (가천동)', NULL, NULL, NULL, NULL, NULL, 'USER', '2022-11-17', 'N', NULL),
	('somi1234', '이소미', '$2a$10$zN138LwqKmjoPkFtMaHG2eam3tmz.TE2vZ4rhvB8Tvuo8crotm5K2', '01043252344', 'zxasae', '@gmail.com', '07710', '서울 강서구 강서로41길 70', '서울 강서구 화곡동 1038-19', '222호', ' (화곡동, 시그니엘6)', NULL, NULL, NULL, NULL, NULL, 'USER', '2019-11-17', 'N', NULL),
	('soyeon1234', '양소연', '$2a$10$Dnp7GvO.MEOboeqU.mPe5e451J6TRc4B8gD7TE9B//HlQUmqQuYtO', '01049375937', 'dsadsada66', '@daum.net', '06544', '서울 서초구 신반포로 270', '서울 서초구 반포동 20-43', '274호', ' (반포동, 반포자이아파트)', NULL, NULL, NULL, NULL, NULL, 'USER', '2022-09-27', 'N', NULL),
	('st4dbw', '이은혜', '$2a$10$2Yw7GzxLu00sC4yLN/YhYet8m3JOxKP9jRo7uSSJw9c4SNxJxZSZW', '01099565134', 'ck65hd', '@naver.com', '42663', '대구 달서구 큰장로 21', '대구 달서구 두류동 1108-29', '102', ' (두류동)', NULL, NULL, NULL, NULL, NULL, 'USER', '2023-01-18', 'N', NULL),
	('subin1234', '박수빈', '$2a$10$Lrm8DGC/qLnbHpiv.R/ZDuJXnNQrJ8rKjfz62rxjwQEiQxiNoAPXi', '01012345678', 'dsadasda', '@gmail.com', '07710', '서울 강서구 강서로41길 70', '서울 강서구 화곡동 1038-19', '1102호', ' (화곡동, 시그니엘6)', NULL, NULL, NULL, NULL, NULL, 'USER', '2023-05-17', 'N', NULL),
	('taehee1234', '김태희', '$2a$10$3FoiQRt/0SSZHUI3PemB6uo4dmaalF8V57mOG2sO7Fg7APrw.bfmi', '01024701933', 'cfdsfsdf', '@gmail.com', '07710', '서울 강서구 강서로41길 70', '서울 강서구 화곡동 1038-19', '1095호', ' (화곡동, 시그니엘6)', NULL, NULL, NULL, NULL, NULL, 'USER', '2023-05-16', 'N', NULL),
	('tewsdf123', '김지연', '$2a$10$dmPXM8dWHzEUPsekiuavE.OP0vesrpeamq3Ys23eW6uZevXe/Ogdy', '01043216543', 'agadas32', '@naver.com', '52550', '경남 사천시 주공1길 7', '경남 사천시 벌리동 260-21', '201호', ' (벌리동)', NULL, NULL, NULL, NULL, NULL, 'USER', '2021-08-29', 'N', NULL),
	('vsdrdxz1234', '이말자', '$2a$10$3j5ZhPjGDJF0K1J37NwQteNaFdENnfsl9oITXY5XJYoT3MmfrR6mC', '01054328765', 'dsadsad', '@naver.com', '06108', '서울 강남구 논현로114길 5', '서울 강남구 논현동 228-5', '201호', ' (논현동)', NULL, NULL, NULL, NULL, NULL, 'USER', '2023-05-18', 'N', NULL),
	('vuskej54', '이민규', '$2a$10$JpfDiSIHkur8fQPzl/FX4.gCSkocqeXNSpHRqE0IvSuSgPSWCPYAu', '01054326543', 'cddl20d', '@naver.com', '05098', '서울 광진구 뚝섬로44길 30', '서울 광진구 자양동 601-18', '102', ' (자양동, Y-PARK(와이파크))', NULL, NULL, NULL, NULL, NULL, 'USER', '2023-01-18', 'N', NULL),
	('xzcasd1', '김수빈', '$2a$10$0PZxi3Xd98K2XhYYKbV9.eJj/XpL4i4wa7iZba7/Db/u2nH08UfoO', '01099503312', 'cksdl2002', '@naver.com', '23104', '인천 옹진군 백령면 콩돌로 183', '인천 옹진군 백령면 남포리 26-3', '', '', NULL, NULL, NULL, NULL, NULL, 'USER', '2019-09-15', 'N', NULL),
	('xzdsadsa12', '김말자', '$2a$10$zQQpQEdIOe4c6DSMHgayQ.ILxtKwzR4joL2MXXU.DL.wEejhAS8ku', '01012345643', 'nrsdfa', '@gmail.com', '05071', '서울 광진구 아차산로 186-2', '서울 광진구 자양동 23-9', '', ' (자양동)', NULL, NULL, NULL, NULL, NULL, 'USER', '2021-05-05', 'N', NULL),
	('zgfds123', '조현', '$2a$10$y//gsam4B3LWZQMResQH1e5lTbqfBnYJhxHq.QISVhsANdss18Soe', '01010296592', 'bhsdr43', '@naver.com', '03617', '서울 서대문구 포방터길 3', '서울 서대문구 홍제동 285-14', '', ' (홍제동, 한빛월드빌)', NULL, NULL, NULL, NULL, NULL, 'USER', '2023-03-18', 'N', NULL),
	('zmsh1234', '김승철', '$2a$10$5q.SCQr.x3FNpPzz8.D6n.A1ffWf04K203muOjsHhae1gJ60c06Zu', '01099124567', 'vzxdsa22', '@naver.com', '41812', '대구 서구 큰장로 33', '대구 서구 내당동 1105-2', '102호', ' (내당동)', NULL, NULL, NULL, NULL, NULL, 'USER', '2023-03-18', 'N', NULL),
	('zxcasd123', '김하늘', '$2a$10$e04P2TrOctveNboOE9mFvOsStJyPpGxZV0z5WtYXqfTI1ZNxY8NLa', '01099126543', 'dsdsds', '@naver.com', '08792', '서울 관악구 낙성대로 9-8', '서울 관악구 봉천동 1628-25', '102호', ' (봉천동, 우리하우스)', NULL, NULL, NULL, NULL, NULL, 'USER', '2023-05-11', 'N', NULL);
/*!40000 ALTER TABLE `users` ENABLE KEYS */;

/*!40101 SET SQL_MODE=IFNULL(@OLD_SQL_MODE, '') */;
/*!40014 SET FOREIGN_KEY_CHECKS=IFNULL(@OLD_FOREIGN_KEY_CHECKS, 1) */;
/*!40101 SET CHARACTER_SET_CLIENT=@OLD_CHARACTER_SET_CLIENT */;
/*!40111 SET SQL_NOTES=IFNULL(@OLD_SQL_NOTES, 1) */;
